Datetime,NVDA,SPY,^VIX
2025-02-13 14:31:00+00:00,132.07000732421875,604.7899780273438,15.649999618530273
2025-02-13 14:32:00+00:00,132.4398956298828,604.8250122070312,15.65999984741211
2025-02-13 14:34:00+00:00,133.05929565429688,604.5549926757812,15.670000076293945
2025-02-13 14:35:00+00:00,132.99000549316406,604.52001953125,15.640000343322754
2025-02-13 14:36:00+00:00,132.9779052734375,604.469970703125,15.670000076293945
2025-02-13 14:37:00+00:00,132.72999572753906,604.0499877929688,15.729999542236328
2025-02-13 14:38:00+00:00,132.0699005126953,603.3049926757812,15.899999618530273
2025-02-13 14:39:00+00:00,132.2657928466797,603.75,15.880000114440918
2025-02-13 14:40:00+00:00,132.5500030517578,603.8499755859375,15.869999885559082
2025-02-13 14:41:00+00:00,132.2899932861328,603.6799926757812,15.869999885559082
2025-02-13 14:42:00+00:00,132.58999633789062,604.0399780273438,15.850000381469727
2025-02-13 14:43:00+00:00,132.8101043701172,604.2598266601562,15.65999984741211
2025-02-13 14:44:00+00:00,132.56219482421875,604.4400024414062,15.680000305175781
2025-02-13 14:45:00+00:00,132.7899932861328,604.4199829101562,15.649999618530273
2025-02-13 14:46:00+00:00,133.02000427246094,604.5673828125,15.609999656677246
2025-02-13 14:47:00+00:00,132.67999267578125,604.0599975585938,15.739999771118164
2025-02-13 14:48:00+00:00,132.8699951171875,604.0900268554688,15.779999732971191
2025-02-13 14:49:00+00:00,132.75999450683594,604.0599975585938,15.739999771118164
2025-02-13 14:50:00+00:00,132.94000244140625,604.1300048828125,15.770000457763672
2025-02-13 14:51:00+00:00,132.78689575195312,604.0499877929688,15.770000457763672
2025-02-13 14:52:00+00:00,132.77999877929688,604.27001953125,15.729999542236328
2025-02-13 14:53:00+00:00,132.79989624023438,604.3599853515625,15.710000038146973
2025-02-13 14:54:00+00:00,132.86000061035156,604.3400268554688,15.699999809265137
2025-02-13 14:55:00+00:00,133.1199951171875,604.6099853515625,15.630000114440918
2025-02-13 14:56:00+00:00,133.77999877929688,604.719970703125,15.609999656677246
2025-02-13 14:57:00+00:00,133.85000610351562,604.7999877929688,15.579999923706055
2025-02-13 14:58:00+00:00,133.83009338378906,604.8499755859375,15.609999656677246
2025-02-13 14:59:00+00:00,133.97000122070312,604.8300170898438,15.529999732971191
2025-02-13 15:00:00+00:00,133.95989990234375,605.0,15.520000457763672
2025-02-13 15:01:00+00:00,134.0800018310547,604.8699951171875,15.539999961853027
2025-02-13 15:02:00+00:00,134.4499969482422,605.510009765625,15.479999542236328
2025-02-13 15:03:00+00:00,134.38999938964844,605.405029296875,15.489999771118164
2025-02-13 15:04:00+00:00,134.00999450683594,605.0599975585938,15.630000114440918
2025-02-13 15:05:00+00:00,134.08999633789062,605.2050170898438,15.600000381469727
2025-02-13 15:06:00+00:00,133.85000610351562,604.8200073242188,15.59000015258789
2025-02-13 15:07:00+00:00,134.0634002685547,604.8598022460938,15.670000076293945
2025-02-13 15:08:00+00:00,134.0,604.8099975585938,15.65999984741211
2025-02-13 15:09:00+00:00,133.94009399414062,604.9000244140625,15.649999618530273
2025-02-13 15:10:00+00:00,133.97509765625,605.1199951171875,15.609999656677246
2025-02-13 15:11:00+00:00,134.29159545898438,605.4100952148438,15.59000015258789
2025-02-13 15:12:00+00:00,134.44500732421875,605.239990234375,15.609999656677246
2025-02-13 15:13:00+00:00,134.39500427246094,605.3350219726562,15.609999656677246
2025-02-13 15:14:00+00:00,134.26010131835938,605.2899780273438,15.609999656677246
2025-02-13 15:15:00+00:00,134.45010375976562,605.4299926757812,15.59000015258789
2025-02-13 15:16:00+00:00,134.70010375976562,605.6099853515625,15.529999732971191
2025-02-13 15:17:00+00:00,134.72999572753906,605.8200073242188,15.479999542236328
2025-02-13 15:18:00+00:00,134.7050018310547,605.8200073242188,15.489999771118164
2025-02-13 15:19:00+00:00,134.77560424804688,606.135009765625,15.449999809265137
2025-02-13 15:20:00+00:00,134.83059692382812,606.1099853515625,15.420000076293945
2025-02-13 15:21:00+00:00,134.6999969482422,606.0900268554688,15.4399995803833
2025-02-13 15:22:00+00:00,134.92489624023438,606.3499755859375,15.399999618530273
2025-02-13 15:23:00+00:00,134.8699951171875,606.1849975585938,15.420000076293945
2025-02-13 15:24:00+00:00,134.80999755859375,606.2000732421875,15.420000076293945
2025-02-13 15:25:00+00:00,134.8699951171875,606.3200073242188,15.40999984741211
2025-02-13 15:26:00+00:00,134.6999969482422,605.97998046875,15.479999542236328
2025-02-13 15:27:00+00:00,134.7799072265625,605.8499755859375,15.510000228881836
2025-02-13 15:28:00+00:00,134.67340087890625,606.02001953125,15.449999809265137
2025-02-13 15:29:00+00:00,134.5500030517578,606.0800170898438,15.449999809265137
2025-02-13 15:30:00+00:00,134.64010620117188,606.010009765625,15.449999809265137
2025-02-13 15:31:00+00:00,134.86000061035156,606.1699829101562,15.430000305175781
2025-02-13 15:32:00+00:00,134.88009643554688,606.2899780273438,15.420000076293945
2025-02-13 15:33:00+00:00,134.89019775390625,606.3800048828125,15.420000076293945
2025-02-13 15:34:00+00:00,134.80320739746094,606.342529296875,15.420000076293945
2025-02-13 15:35:00+00:00,134.82000732421875,606.4400024414062,15.420000076293945
2025-02-13 15:36:00+00:00,134.8800048828125,606.52001953125,15.420000076293945
2025-02-13 15:37:00+00:00,134.94000244140625,606.5908813476562,15.430000305175781
2025-02-13 15:38:00+00:00,135.33990478515625,606.6500244140625,15.420000076293945
2025-02-13 15:39:00+00:00,135.7299041748047,606.9400024414062,15.399999618530273
2025-02-13 15:40:00+00:00,135.92999267578125,607.1500244140625,15.390000343322754
2025-02-13 15:41:00+00:00,136.00999450683594,607.0700073242188,15.399999618530273
2025-02-13 15:42:00+00:00,136.16439819335938,607.2000122070312,15.390000343322754
2025-02-13 15:43:00+00:00,136.4409942626953,607.4000244140625,15.380000114440918
2025-02-13 15:44:00+00:00,136.41000366210938,607.25,15.399999618530273
2025-02-13 15:45:00+00:00,136.2449951171875,607.219970703125,15.430000305175781
2025-02-13 15:46:00+00:00,136.22000122070312,607.2000122070312,15.4399995803833
2025-02-13 15:47:00+00:00,136.2010955810547,607.0800170898438,15.4399995803833
2025-02-13 15:48:00+00:00,136.07000732421875,607.1199951171875,15.4399995803833
2025-02-13 15:49:00+00:00,135.93499755859375,607.1099853515625,15.420000076293945
2025-02-13 15:50:00+00:00,135.95030212402344,607.0349731445312,15.420000076293945
2025-02-13 15:51:00+00:00,135.83999633789062,607.0750122070312,15.430000305175781
2025-02-13 15:52:00+00:00,135.8498992919922,606.8400268554688,15.4399995803833
2025-02-13 15:53:00+00:00,136.0500030517578,606.9299926757812,15.430000305175781
2025-02-13 15:54:00+00:00,135.9998016357422,606.9500122070312,15.4399995803833
2025-02-13 15:55:00+00:00,135.99000549316406,606.70849609375,15.460000038146973
2025-02-13 15:56:00+00:00,135.96499633789062,606.8300170898438,15.489999771118164
2025-02-13 15:57:00+00:00,135.92999267578125,606.9000244140625,15.470000267028809
2025-02-13 15:58:00+00:00,135.97999572753906,607.0,15.4399995803833
2025-02-13 15:59:00+00:00,136.13009643554688,607.0900268554688,15.4399995803833
2025-02-13 16:00:00+00:00,135.80880737304688,606.989990234375,15.449999809265137
2025-02-13 16:01:00+00:00,136.029296875,606.9708862304688,15.4399995803833
2025-02-13 16:02:00+00:00,136.10580444335938,607.02001953125,15.449999809265137
2025-02-13 16:03:00+00:00,136.0435028076172,607.030029296875,15.4399995803833
2025-02-13 16:04:00+00:00,135.8249053955078,607.0599975585938,15.449999809265137
2025-02-13 16:05:00+00:00,135.79490661621094,607.1207885742188,15.4399995803833
2025-02-13 16:06:00+00:00,135.77859497070312,607.3421020507812,15.420000076293945
2025-02-13 16:07:00+00:00,135.66000366210938,607.4099731445312,15.399999618530273
2025-02-13 16:08:00+00:00,135.4700927734375,607.260009765625,15.40999984741211
2025-02-13 16:09:00+00:00,135.4250030517578,607.219970703125,15.420000076293945
2025-02-13 16:10:00+00:00,135.3699951171875,607.3300170898438,15.399999618530273
2025-02-13 16:11:00+00:00,135.5200958251953,607.4686889648438,15.390000343322754
2025-02-13 16:12:00+00:00,135.33009338378906,607.4149780273438,15.399999618530273
2025-02-13 16:13:00+00:00,135.32000732421875,607.3599243164062,15.399999618530273
2025-02-13 16:14:00+00:00,135.51840209960938,607.3800048828125,15.40999984741211
2025-02-13 16:15:00+00:00,135.52999877929688,607.3400268554688,15.430000305175781
2025-02-13 16:16:00+00:00,135.5699005126953,607.1500244140625,15.449999809265137
2025-02-13 16:17:00+00:00,135.65499877929688,607.0999755859375,15.470000267028809
2025-02-13 16:18:00+00:00,135.73550415039062,607.2249755859375,15.4399995803833
2025-02-13 16:19:00+00:00,135.8052978515625,607.3400268554688,15.430000305175781
2025-02-13 16:20:00+00:00,135.76010131835938,607.2501220703125,15.430000305175781
2025-02-13 16:21:00+00:00,135.6551055908203,607.0900268554688,15.460000038146973
2025-02-13 16:22:00+00:00,135.6699981689453,607.1199951171875,15.460000038146973
2025-02-13 16:23:00+00:00,135.6300048828125,607.1500244140625,15.449999809265137
2025-02-13 16:24:00+00:00,135.80999755859375,607.280029296875,15.40999984741211
2025-02-13 16:25:00+00:00,135.66990661621094,606.9500122070312,15.449999809265137
2025-02-13 16:26:00+00:00,135.6199951171875,606.8125,15.4399995803833
2025-02-13 16:27:00+00:00,135.63510131835938,606.8049926757812,15.4399995803833
2025-02-13 16:28:00+00:00,135.5406951904297,606.6550903320312,15.470000267028809
2025-02-13 16:29:00+00:00,135.71499633789062,606.6900024414062,15.470000267028809
2025-02-13 16:30:00+00:00,135.6800994873047,606.5999755859375,15.510000228881836
2025-02-13 16:31:00+00:00,135.4700927734375,606.4199829101562,15.5
2025-02-13 16:32:00+00:00,135.36000061035156,606.510009765625,15.5
2025-02-13 16:33:00+00:00,135.5355987548828,606.530029296875,15.479999542236328
2025-02-13 16:34:00+00:00,135.77499389648438,606.780029296875,15.449999809265137
2025-02-13 16:35:00+00:00,135.86000061035156,606.7899780273438,15.449999809265137
2025-02-13 16:36:00+00:00,135.8585968017578,606.8400268554688,15.4399995803833
2025-02-13 16:37:00+00:00,135.71499633789062,606.8099975585938,15.460000038146973
2025-02-13 16:38:00+00:00,135.41000366210938,606.6599731445312,15.479999542236328
2025-02-13 16:39:00+00:00,135.3000030517578,606.5999755859375,15.489999771118164
2025-02-13 16:40:00+00:00,135.25999450683594,606.7562255859375,15.470000267028809
2025-02-13 16:41:00+00:00,135.35400390625,606.719970703125,15.4399995803833
2025-02-13 16:42:00+00:00,135.3549041748047,606.72998046875,15.449999809265137
2025-02-13 16:43:00+00:00,135.2967071533203,606.5599975585938,15.470000267028809
2025-02-13 16:44:00+00:00,135.4199981689453,606.6599731445312,15.470000267028809
2025-02-13 16:45:00+00:00,135.45489501953125,606.7100219726562,15.4399995803833
2025-02-13 16:46:00+00:00,135.52000427246094,606.6699829101562,15.449999809265137
2025-02-13 16:47:00+00:00,135.45120239257812,606.6900024414062,15.4399995803833
2025-02-13 16:48:00+00:00,135.4300994873047,606.6699829101562,15.449999809265137
2025-02-13 16:49:00+00:00,135.56979370117188,606.72998046875,15.4399995803833
2025-02-13 16:50:00+00:00,135.47500610351562,606.8200073242188,15.4399995803833
2025-02-13 16:51:00+00:00,135.38999938964844,606.6799926757812,15.449999809265137
2025-02-13 16:52:00+00:00,135.31500244140625,606.489990234375,15.479999542236328
2025-02-13 16:53:00+00:00,135.2899932861328,606.3800048828125,15.510000228881836
2025-02-13 16:54:00+00:00,135.27999877929688,606.3400268554688,15.520000457763672
2025-02-13 16:55:00+00:00,135.15879821777344,606.1593017578125,15.529999732971191
2025-02-13 16:56:00+00:00,134.9199981689453,606.0,15.569999694824219
2025-02-13 16:57:00+00:00,134.87399291992188,606.0198974609375,15.579999923706055
2025-02-13 16:58:00+00:00,134.95989990234375,605.989990234375,15.59000015258789
2025-02-13 16:59:00+00:00,134.9156036376953,606.0999755859375,15.5600004196167
2025-02-13 17:00:00+00:00,134.77499389648438,605.7999877929688,15.59000015258789
2025-02-13 17:01:00+00:00,135.04989624023438,606.22998046875,15.59000015258789
2025-02-13 17:02:00+00:00,135.0800018310547,606.3200073242188,15.5600004196167
2025-02-13 17:03:00+00:00,135.05499267578125,606.4000244140625,15.529999732971191
2025-02-13 17:04:00+00:00,135.12489318847656,606.469970703125,15.510000228881836
2025-02-13 17:05:00+00:00,135.1199951171875,606.469970703125,15.529999732971191
2025-02-13 17:06:00+00:00,135.16009521484375,606.4849853515625,15.510000228881836
2025-02-13 17:07:00+00:00,135.15499877929688,606.5900268554688,15.489999771118164
2025-02-13 17:08:00+00:00,135.23789978027344,606.5311889648438,15.5
2025-02-13 17:09:00+00:00,135.15499877929688,606.4500122070312,15.510000228881836
2025-02-13 17:10:00+00:00,135.2050018310547,606.5,15.529999732971191
2025-02-13 17:11:00+00:00,135.02999877929688,606.2698974609375,15.5600004196167
2025-02-13 17:12:00+00:00,134.92660522460938,606.1599731445312,15.579999923706055
2025-02-13 17:13:00+00:00,134.9600067138672,606.1799926757812,15.579999923706055
2025-02-13 17:14:00+00:00,134.9550018310547,606.2269897460938,15.569999694824219
2025-02-13 17:15:00+00:00,134.91000366210938,606.280029296875,15.579999923706055
2025-02-13 17:16:00+00:00,134.81500244140625,606.1898803710938,15.579999923706055
2025-02-13 17:17:00+00:00,134.82989501953125,606.2000122070312,15.600000381469727
2025-02-13 17:18:00+00:00,134.92010498046875,606.3699951171875,15.5600004196167
2025-02-13 17:19:00+00:00,134.75880432128906,606.1586303710938,15.600000381469727
2025-02-13 17:20:00+00:00,134.91990661621094,606.2100219726562,15.600000381469727
2025-02-13 17:21:00+00:00,135.1300048828125,606.4299926757812,15.579999923706055
2025-02-13 17:22:00+00:00,135.13490295410156,606.47998046875,15.569999694824219
2025-02-13 17:23:00+00:00,135.07000732421875,606.510009765625,15.5600004196167
2025-02-13 17:24:00+00:00,135.01010131835938,606.5399780273438,15.569999694824219
2025-02-13 17:25:00+00:00,134.9550018310547,606.5449829101562,15.5600004196167
2025-02-13 17:26:00+00:00,134.97500610351562,606.5499877929688,15.5600004196167
2025-02-13 17:27:00+00:00,134.97000122070312,606.5900268554688,15.539999961853027
2025-02-13 17:28:00+00:00,135.0399932861328,606.5499877929688,15.5600004196167
2025-02-13 17:29:00+00:00,135.00999450683594,606.5399780273438,15.569999694824219
2025-02-13 17:30:00+00:00,134.9949951171875,606.3200073242188,15.600000381469727
2025-02-13 17:31:00+00:00,134.97860717773438,606.52001953125,15.569999694824219
2025-02-13 17:32:00+00:00,134.97000122070312,606.4600219726562,15.569999694824219
2025-02-13 17:33:00+00:00,135.0,606.5399780273438,15.569999694824219
2025-02-13 17:34:00+00:00,135.14990234375,606.5599975585938,15.579999923706055
2025-02-13 17:35:00+00:00,135.1551055908203,606.5599975585938,15.579999923706055
2025-02-13 17:36:00+00:00,135.21859741210938,606.5399780273438,15.579999923706055
2025-02-13 17:37:00+00:00,135.2449951171875,606.6199951171875,15.59000015258789
2025-02-13 17:38:00+00:00,135.18499755859375,606.5,15.59000015258789
2025-02-13 17:39:00+00:00,135.1649932861328,606.5,15.59000015258789
2025-02-13 17:40:00+00:00,135.19500732421875,606.5449829101562,15.59000015258789
2025-02-13 17:41:00+00:00,135.1605987548828,606.530029296875,15.600000381469727
2025-02-13 17:42:00+00:00,135.24490356445312,606.5,15.600000381469727
2025-02-13 17:43:00+00:00,135.23500061035156,606.3699951171875,15.619999885559082
2025-02-13 17:44:00+00:00,135.2899932861328,606.510009765625,15.600000381469727
2025-02-13 17:45:00+00:00,135.38389587402344,606.72998046875,15.579999923706055
2025-02-13 17:46:00+00:00,135.48500061035156,606.9249877929688,15.510000228881836
2025-02-13 17:47:00+00:00,135.3800048828125,606.9000244140625,15.539999961853027
2025-02-13 17:48:00+00:00,135.40440368652344,606.8099975585938,15.539999961853027
2025-02-13 17:49:00+00:00,135.49609375,606.8699951171875,15.550000190734863
2025-02-13 17:50:00+00:00,135.39109802246094,606.7847290039062,15.550000190734863
2025-02-13 17:51:00+00:00,135.39999389648438,606.5800170898438,15.59000015258789
2025-02-13 17:52:00+00:00,135.48500061035156,606.6300048828125,15.59000015258789
2025-02-13 17:53:00+00:00,135.34390258789062,606.5100708007812,15.59000015258789
2025-02-13 17:54:00+00:00,135.35009765625,606.5700073242188,15.609999656677246
2025-02-13 17:55:00+00:00,135.3699951171875,606.52001953125,15.609999656677246
2025-02-13 17:56:00+00:00,135.2899932861328,606.2330932617188,15.649999618530273
2025-02-13 17:57:00+00:00,135.1544952392578,606.0499877929688,15.710000038146973
2025-02-13 17:58:00+00:00,135.1562042236328,606.0,15.75
2025-02-13 17:59:00+00:00,135.33999633789062,606.1829223632812,15.710000038146973
2025-02-13 18:00:00+00:00,135.25,605.989990234375,15.75
2025-02-13 18:01:00+00:00,135.4001007080078,606.1400146484375,15.710000038146973
2025-02-13 18:02:00+00:00,135.37440490722656,606.0800170898438,15.720000267028809
2025-02-13 18:03:00+00:00,135.3300018310547,605.9500122070312,15.75
2025-02-13 18:04:00+00:00,135.3148956298828,606.02001953125,15.760000228881836
2025-02-13 18:05:00+00:00,135.25,606.02001953125,15.720000267028809
2025-02-13 18:06:00+00:00,135.14889526367188,605.97998046875,15.729999542236328
2025-02-13 18:07:00+00:00,135.1300048828125,606.02001953125,15.710000038146973
2025-02-13 18:08:00+00:00,135.05499267578125,605.9622192382812,15.720000267028809
2025-02-13 18:09:00+00:00,135.10000610351562,606.0,15.699999809265137
2025-02-13 18:10:00+00:00,134.9550018310547,606.0499267578125,15.680000305175781
2025-02-13 18:11:00+00:00,134.85000610351562,606.02001953125,15.699999809265137
2025-02-13 18:12:00+00:00,134.8249969482422,606.1500244140625,15.680000305175781
2025-02-13 18:13:00+00:00,134.9550018310547,606.260009765625,15.649999618530273
2025-02-13 18:14:00+00:00,134.7178955078125,606.22998046875,15.649999618530273
2025-02-13 18:15:00+00:00,134.64999389648438,606.219970703125,15.649999618530273
2025-02-13 18:16:00+00:00,134.49989318847656,606.0900268554688,15.6899995803833
2025-02-13 18:17:00+00:00,134.3249969482422,606.0999755859375,15.6899995803833
2025-02-13 18:18:00+00:00,134.10499572753906,606.0499877929688,15.680000305175781
2025-02-13 18:19:00+00:00,133.6199951171875,605.3599853515625,15.850000381469727
2025-02-13 18:20:00+00:00,133.97500610351562,605.7100219726562,15.75
2025-02-13 18:21:00+00:00,134.07000732421875,605.9600219726562,15.710000038146973
2025-02-13 18:22:00+00:00,134.29490661621094,605.8200073242188,15.720000267028809
2025-02-13 18:23:00+00:00,134.3300018310547,605.8900146484375,15.699999809265137
2025-02-13 18:24:00+00:00,134.4456024169922,606.0700073242188,15.65999984741211
2025-02-13 18:25:00+00:00,134.514404296875,606.1099853515625,15.65999984741211
2025-02-13 18:26:00+00:00,134.5500030517578,606.280029296875,15.609999656677246
2025-02-13 18:27:00+00:00,134.5198974609375,606.1900024414062,15.619999885559082
2025-02-13 18:28:00+00:00,134.5500030517578,606.3699951171875,15.600000381469727
2025-02-13 18:29:00+00:00,134.52499389648438,606.2000122070312,15.640000343322754
2025-02-13 18:30:00+00:00,134.5699005126953,606.239990234375,15.609999656677246
2025-02-13 18:31:00+00:00,134.5802001953125,606.2849731445312,15.630000114440918
2025-02-13 18:32:00+00:00,134.5782012939453,606.239990234375,15.630000114440918
2025-02-13 18:33:00+00:00,134.50999450683594,606.2100219726562,15.630000114440918
2025-02-13 18:34:00+00:00,134.52999877929688,606.2899780273438,15.619999885559082
2025-02-13 18:35:00+00:00,134.55389404296875,606.3599853515625,15.609999656677246
2025-02-13 18:36:00+00:00,134.52999877929688,606.4000244140625,15.609999656677246
2025-02-13 18:37:00+00:00,134.50010681152344,606.4400024414062,15.579999923706055
2025-02-13 18:38:00+00:00,134.51499938964844,606.4650268554688,15.579999923706055
2025-02-13 18:39:00+00:00,134.57009887695312,606.739990234375,15.539999961853027
2025-02-13 18:40:00+00:00,134.16000366210938,605.8900146484375,15.59000015258789
2025-02-13 18:41:00+00:00,134.4049072265625,606.260009765625,15.609999656677246
2025-02-13 18:42:00+00:00,134.17979431152344,606.0,15.609999656677246
2025-02-13 18:43:00+00:00,134.0500030517578,605.9199829101562,15.760000228881836
2025-02-13 18:44:00+00:00,134.44000244140625,606.3400268554688,15.5600004196167
2025-02-13 18:45:00+00:00,134.5377960205078,606.2899780273438,15.5600004196167
2025-02-13 18:46:00+00:00,134.54029846191406,606.4368286132812,15.539999961853027
2025-02-13 18:47:00+00:00,134.53509521484375,606.52001953125,15.520000457763672
2025-02-13 18:48:00+00:00,134.58999633789062,606.6500244140625,15.489999771118164
2025-02-13 18:49:00+00:00,134.625,606.6199951171875,15.5
2025-02-13 18:50:00+00:00,134.75010681152344,606.6099853515625,15.510000228881836
2025-02-13 18:51:00+00:00,134.5989990234375,606.3900146484375,15.520000457763672
2025-02-13 18:52:00+00:00,134.5,606.25,15.5600004196167
2025-02-13 18:53:00+00:00,134.6750030517578,606.3599853515625,15.510000228881836
2025-02-13 18:54:00+00:00,134.75999450683594,606.594970703125,15.449999809265137
2025-02-13 18:55:00+00:00,134.72979736328125,606.3900146484375,15.489999771118164
2025-02-13 18:56:00+00:00,134.82000732421875,606.5499877929688,15.5
2025-02-13 18:57:00+00:00,135.01199340820312,606.97998046875,15.449999809265137
2025-02-13 18:58:00+00:00,134.9600067138672,607.1400146484375,15.399999618530273
2025-02-13 18:59:00+00:00,135.0,607.1900024414062,15.420000076293945
2025-02-13 19:00:00+00:00,134.99000549316406,607.25,15.430000305175781
2025-02-13 19:01:00+00:00,134.98500061035156,607.2999877929688,15.420000076293945
2025-02-13 19:02:00+00:00,134.9250030517578,607.1199951171875,15.449999809265137
2025-02-13 19:03:00+00:00,134.98489379882812,607.4089965820312,15.399999618530273
2025-02-13 19:04:00+00:00,134.9949951171875,607.6900024414062,15.329999923706055
2025-02-13 19:05:00+00:00,134.96279907226562,607.5650024414062,15.34000015258789
2025-02-13 19:06:00+00:00,135.11500549316406,607.719970703125,15.3100004196167
2025-02-13 19:07:00+00:00,135.2100067138672,607.8699951171875,15.300000190734863
2025-02-13 19:08:00+00:00,135.24000549316406,608.030029296875,15.270000457763672
2025-02-13 19:09:00+00:00,135.22999572753906,608.010009765625,15.289999961853027
2025-02-13 19:10:00+00:00,135.08509826660156,607.8499755859375,15.300000190734863
2025-02-13 19:11:00+00:00,134.99989318847656,607.85498046875,15.300000190734863
2025-02-13 19:12:00+00:00,134.98500061035156,607.9400024414062,15.300000190734863
2025-02-13 19:13:00+00:00,135.01499938964844,607.9099731445312,15.300000190734863
2025-02-13 19:14:00+00:00,134.98809814453125,608.030029296875,15.260000228881836
2025-02-13 19:15:00+00:00,135.0251007080078,608.1099853515625,15.270000457763672
2025-02-13 19:16:00+00:00,135.01739501953125,608.3499755859375,15.25
2025-02-13 19:17:00+00:00,134.92950439453125,608.2999877929688,15.239999771118164
2025-02-13 19:18:00+00:00,134.8249969482422,608.260009765625,15.229999542236328
2025-02-13 19:19:00+00:00,134.84500122070312,608.25,15.239999771118164
2025-02-13 19:20:00+00:00,134.88499450683594,608.27001953125,15.239999771118164
2025-02-13 19:21:00+00:00,134.9915008544922,608.3099975585938,15.210000038146973
2025-02-13 19:22:00+00:00,135.00489807128906,608.25,15.220000267028809
2025-02-13 19:23:00+00:00,135.0897979736328,608.27001953125,15.229999542236328
2025-02-13 19:24:00+00:00,134.94500732421875,608.1500244140625,15.239999771118164
2025-02-13 19:25:00+00:00,135.0113983154297,608.2849731445312,15.289999961853027
2025-02-13 19:26:00+00:00,135.0590057373047,608.219970703125,15.289999961853027
2025-02-13 19:27:00+00:00,135.07000732421875,608.1799926757812,15.300000190734863
2025-02-13 19:28:00+00:00,135.15499877929688,608.2999877929688,15.300000190734863
2025-02-13 19:29:00+00:00,135.12030029296875,608.280029296875,15.300000190734863
2025-02-13 19:30:00+00:00,135.05499267578125,608.3099975585938,15.289999961853027
2025-02-13 19:31:00+00:00,135.09500122070312,608.3599853515625,15.3100004196167
2025-02-13 19:32:00+00:00,135.0800018310547,608.3699951171875,15.3100004196167
2025-02-13 19:33:00+00:00,135.2100067138672,608.6199951171875,15.300000190734863
2025-02-13 19:34:00+00:00,135.2299041748047,608.5748901367188,15.260000228881836
2025-02-13 19:35:00+00:00,135.26499938964844,608.6400146484375,15.289999961853027
2025-02-13 19:36:00+00:00,135.33999633789062,608.7100219726562,15.25
2025-02-13 19:37:00+00:00,135.3450927734375,608.8892211914062,15.239999771118164
2025-02-13 19:38:00+00:00,135.2449951171875,608.8499755859375,15.270000457763672
2025-02-13 19:39:00+00:00,135.2050018310547,608.739990234375,15.270000457763672
2025-02-13 19:40:00+00:00,135.11500549316406,608.6749877929688,15.270000457763672
2025-02-13 19:41:00+00:00,135.05859375,608.5900268554688,15.289999961853027
2025-02-13 19:42:00+00:00,135.01010131835938,608.5800170898438,15.279999732971191
2025-02-13 19:43:00+00:00,135.0449981689453,608.5900268554688,15.270000457763672
2025-02-13 19:44:00+00:00,135.0,608.5349731445312,15.289999961853027
2025-02-13 19:45:00+00:00,135.0299072265625,608.52001953125,15.289999961853027
2025-02-13 19:46:00+00:00,135.10989379882812,608.5999755859375,15.279999732971191
2025-02-13 19:47:00+00:00,135.2698974609375,608.6799926757812,15.289999961853027
2025-02-13 19:48:00+00:00,135.19500732421875,608.6400146484375,15.289999961853027
2025-02-13 19:49:00+00:00,135.3350067138672,608.719970703125,15.279999732971191
2025-02-13 19:50:00+00:00,135.4051055908203,608.8800048828125,15.270000457763672
2025-02-13 19:51:00+00:00,135.39999389648438,609.0,15.239999771118164
2025-02-13 19:52:00+00:00,135.50999450683594,609.1934204101562,15.220000267028809
2025-02-13 19:53:00+00:00,135.44500732421875,609.1199951171875,15.229999542236328
2025-02-13 19:54:00+00:00,135.42990112304688,609.1500244140625,15.229999542236328
2025-02-13 19:55:00+00:00,135.44000244140625,609.1599731445312,15.229999542236328
2025-02-13 19:56:00+00:00,135.37510681152344,609.0499877929688,15.25
2025-02-13 19:57:00+00:00,135.30499267578125,608.89990234375,15.260000228881836
2025-02-13 19:58:00+00:00,135.32000732421875,608.8499755859375,15.260000228881836
2025-02-13 19:59:00+00:00,135.3105010986328,608.9000244140625,15.220000267028809
2025-02-13 20:00:00+00:00,135.2100067138672,608.9000244140625,15.210000038146973
2025-02-13 20:01:00+00:00,135.3153076171875,609.0900268554688,15.180000305175781
2025-02-13 20:02:00+00:00,135.26499938964844,609.0700073242188,15.170000076293945
2025-02-13 20:03:00+00:00,135.3715057373047,609.1849975585938,15.149999618530273
2025-02-13 20:04:00+00:00,135.28990173339844,609.0999755859375,15.15999984741211
2025-02-13 20:05:00+00:00,135.18499755859375,609.0599975585938,15.170000076293945
2025-02-13 20:06:00+00:00,135.22500610351562,609.1199951171875,15.170000076293945
2025-02-13 20:07:00+00:00,135.24290466308594,609.1500244140625,15.170000076293945
2025-02-13 20:08:00+00:00,135.3881072998047,609.3099975585938,15.140000343322754
2025-02-13 20:09:00+00:00,135.493896484375,609.280029296875,15.15999984741211
2025-02-13 20:10:00+00:00,135.4550018310547,609.25,15.170000076293945
2025-02-13 20:11:00+00:00,135.3739013671875,609.1699829101562,15.180000305175781
2025-02-13 20:12:00+00:00,135.4149932861328,609.3599853515625,15.15999984741211
2025-02-13 20:13:00+00:00,135.39999389648438,609.25,15.149999618530273
2025-02-13 20:14:00+00:00,135.4250030517578,609.2899780273438,15.149999618530273
2025-02-13 20:15:00+00:00,135.4600067138672,609.3300170898438,15.130000114440918
2025-02-13 20:16:00+00:00,135.44000244140625,609.3699951171875,15.130000114440918
2025-02-13 20:17:00+00:00,135.42999267578125,609.47998046875,15.069999694824219
2025-02-13 20:18:00+00:00,135.47500610351562,609.6199951171875,15.0600004196167
2025-02-13 20:19:00+00:00,135.38839721679688,609.6500244140625,15.050000190734863
2025-02-13 20:20:00+00:00,135.4844970703125,609.5999755859375,15.069999694824219
2025-02-13 20:21:00+00:00,135.38999938964844,609.4901123046875,15.100000381469727
2025-02-13 20:22:00+00:00,135.39149475097656,609.5050048828125,15.119999885559082
2025-02-13 20:23:00+00:00,135.49009704589844,609.469970703125,15.119999885559082
2025-02-13 20:24:00+00:00,135.4149932861328,609.3499755859375,15.140000343322754
2025-02-13 20:25:00+00:00,135.28500366210938,609.2999877929688,15.130000114440918
2025-02-13 20:26:00+00:00,135.2949981689453,609.25,15.130000114440918
2025-02-13 20:27:00+00:00,135.32989501953125,609.364990234375,15.130000114440918
2025-02-13 20:28:00+00:00,135.3350067138672,609.4099731445312,15.109999656677246
2025-02-13 20:29:00+00:00,135.36129760742188,609.5792846679688,15.119999885559082
2025-02-13 20:30:00+00:00,135.2449951171875,609.3900146484375,15.109999656677246
2025-02-13 20:31:00+00:00,135.0500030517578,609.344970703125,15.130000114440918
2025-02-13 20:32:00+00:00,135.09500122070312,609.4000244140625,15.130000114440918
2025-02-13 20:33:00+00:00,135.0,609.25,15.229999542236328
2025-02-13 20:34:00+00:00,134.99099731445312,609.27001953125,15.220000267028809
2025-02-13 20:35:00+00:00,135.02999877929688,609.2349853515625,15.210000038146973
2025-02-13 20:36:00+00:00,135.0648956298828,609.27001953125,15.210000038146973
2025-02-13 20:37:00+00:00,135.11500549316406,609.364990234375,15.210000038146973
2025-02-13 20:38:00+00:00,135.110107421875,609.4500122070312,15.15999984741211
2025-02-13 20:39:00+00:00,135.08999633789062,609.4749755859375,15.180000305175781
2025-02-13 20:40:00+00:00,135.0500030517578,609.4249877929688,15.180000305175781
2025-02-13 20:41:00+00:00,135.0800018310547,609.3151245117188,15.1899995803833
2025-02-13 20:42:00+00:00,135.11489868164062,609.25,15.1899995803833
2025-02-13 20:43:00+00:00,135.02499389648438,609.1300048828125,15.220000267028809
2025-02-13 20:44:00+00:00,135.00860595703125,609.1199951171875,15.210000038146973
2025-02-13 20:45:00+00:00,135.0399932861328,609.239990234375,15.210000038146973
2025-02-13 20:46:00+00:00,135.0500946044922,609.219970703125,15.210000038146973
2025-02-13 20:47:00+00:00,135.0050048828125,609.2000122070312,15.220000267028809
2025-02-13 20:48:00+00:00,135.0500030517578,609.4349975585938,15.1899995803833
2025-02-13 20:49:00+00:00,134.96499633789062,609.4099731445312,15.180000305175781
2025-02-13 20:50:00+00:00,134.985107421875,609.3049926757812,15.180000305175781
2025-02-13 20:51:00+00:00,135.0449981689453,609.2849731445312,15.210000038146973
2025-02-13 20:52:00+00:00,134.95880126953125,609.3250122070312,15.170000076293945
2025-02-13 20:53:00+00:00,134.9949951171875,609.3300170898438,15.119999885559082
2025-02-13 20:54:00+00:00,135.18499755859375,609.3800048828125,15.069999694824219
2025-02-13 20:55:00+00:00,135.11000061035156,609.6099853515625,15.039999961853027
2025-02-13 20:56:00+00:00,135.1217041015625,609.6400146484375,15.029999732971191
2025-02-13 20:57:00+00:00,135.30999755859375,609.7899780273438,15.010000228881836
2025-02-13 20:58:00+00:00,135.3300018310547,609.8499755859375,14.989999771118164
2025-02-13 20:59:00+00:00,135.25,609.6900024414062,15.0
2025-02-14 14:31:00+00:00,136.3699951171875,610.0,15.050000190734863
2025-02-14 14:32:00+00:00,136.57989501953125,610.02001953125,15.050000190734863
2025-02-14 14:33:00+00:00,136.80499267578125,610.010009765625,15.029999732971191
2025-02-14 14:34:00+00:00,137.17999267578125,610.1099853515625,15.0
2025-02-14 14:35:00+00:00,136.9600067138672,609.8200073242188,15.029999732971191
2025-02-14 14:36:00+00:00,136.97000122070312,609.9600219726562,15.020000457763672
2025-02-14 14:37:00+00:00,137.36000061035156,610.2100219726562,15.010000228881836
2025-02-14 14:38:00+00:00,137.4499969482422,610.3400268554688,14.989999771118164
2025-02-14 14:39:00+00:00,136.73399353027344,610.2550048828125,14.979999542236328
2025-02-14 14:40:00+00:00,136.4199981689453,610.3400268554688,14.970000267028809
2025-02-14 14:41:00+00:00,136.02000427246094,610.3900146484375,14.989999771118164
2025-02-14 14:42:00+00:00,136.44000244140625,610.4500122070312,14.949999809265137
2025-02-14 14:43:00+00:00,136.2700958251953,610.4299926757812,14.960000038146973
2025-02-14 14:44:00+00:00,136.2100067138672,610.3499755859375,14.960000038146973
2025-02-14 14:45:00+00:00,136.27000427246094,610.4400024414062,14.960000038146973
2025-02-14 14:46:00+00:00,136.34539794921875,610.3900146484375,14.970000267028809
2025-02-14 14:47:00+00:00,136.466796875,610.3599853515625,14.979999542236328
2025-02-14 14:48:00+00:00,136.4656982421875,610.3699951171875,14.979999542236328
2025-02-14 14:49:00+00:00,136.55999755859375,610.4199829101562,14.979999542236328
2025-02-14 14:50:00+00:00,136.48880004882812,610.4500122070312,14.960000038146973
2025-02-14 14:51:00+00:00,136.9351043701172,610.6400146484375,14.949999809265137
2025-02-14 14:52:00+00:00,136.82000732421875,610.5399780273438,14.949999809265137
2025-02-14 14:53:00+00:00,136.77999877929688,610.4550170898438,14.979999542236328
2025-02-14 14:54:00+00:00,136.752197265625,610.4199829101562,14.989999771118164
2025-02-14 14:55:00+00:00,136.88999938964844,610.489990234375,14.979999542236328
2025-02-14 14:56:00+00:00,137.08999633789062,610.530029296875,14.960000038146973
2025-02-14 14:57:00+00:00,136.70010375976562,610.4299926757812,14.989999771118164
2025-02-14 14:58:00+00:00,136.7050018310547,610.4299926757812,14.979999542236328
2025-02-14 14:59:00+00:00,136.7050018310547,610.4650268554688,14.989999771118164
2025-02-14 15:00:00+00:00,136.55990600585938,610.385009765625,14.979999542236328
2025-02-14 15:01:00+00:00,136.25,610.260009765625,15.0
2025-02-14 15:02:00+00:00,136.36000061035156,610.1599731445312,15.010000228881836
2025-02-14 15:03:00+00:00,136.51919555664062,610.3701171875,14.979999542236328
2025-02-14 15:04:00+00:00,136.72000122070312,610.5999755859375,14.970000267028809
2025-02-14 15:05:00+00:00,136.375,610.6300048828125,14.949999809265137
2025-02-14 15:06:00+00:00,136.31500244140625,610.6699829101562,14.9399995803833
2025-02-14 15:07:00+00:00,136.41990661621094,610.8200073242188,14.9399995803833
2025-02-14 15:08:00+00:00,136.36990356445312,610.8699951171875,14.920000076293945
2025-02-14 15:09:00+00:00,136.60130310058594,610.9400024414062,14.920000076293945
2025-02-14 15:10:00+00:00,136.88209533691406,610.9400024414062,14.930000305175781
2025-02-14 15:11:00+00:00,136.91009521484375,610.8499755859375,14.930000305175781
2025-02-14 15:12:00+00:00,136.9199981689453,610.760009765625,14.949999809265137
2025-02-14 15:13:00+00:00,136.97000122070312,610.77001953125,14.970000267028809
2025-02-14 15:14:00+00:00,137.0399932861328,610.6799926757812,14.949999809265137
2025-02-14 15:15:00+00:00,136.9398956298828,610.530029296875,14.970000267028809
2025-02-14 15:16:00+00:00,137.11500549316406,610.75,14.9399995803833
2025-02-14 15:17:00+00:00,137.1721954345703,610.6400146484375,14.9399995803833
2025-02-14 15:18:00+00:00,137.08999633789062,610.4500122070312,14.960000038146973
2025-02-14 15:19:00+00:00,137.0,610.3198852539062,14.979999542236328
2025-02-14 15:20:00+00:00,137.51499938964844,610.4249877929688,14.970000267028809
2025-02-14 15:21:00+00:00,137.47999572753906,610.3001098632812,14.970000267028809
2025-02-14 15:22:00+00:00,137.7480926513672,610.3099975585938,15.0
2025-02-14 15:23:00+00:00,137.76499938964844,610.2999877929688,15.0
2025-02-14 15:24:00+00:00,137.6649932861328,610.4349975585938,14.970000267028809
2025-02-14 15:25:00+00:00,137.8800048828125,610.4400024414062,14.979999542236328
2025-02-14 15:26:00+00:00,137.96009826660156,610.4500122070312,14.989999771118164
2025-02-14 15:27:00+00:00,138.07000732421875,610.5999755859375,14.970000267028809
2025-02-14 15:28:00+00:00,138.01499938964844,610.489990234375,14.979999542236328
2025-02-14 15:29:00+00:00,138.00010681152344,610.239990234375,15.020000457763672
2025-02-14 15:30:00+00:00,137.88999938964844,610.1649780273438,15.029999732971191
2025-02-14 15:31:00+00:00,137.97999572753906,610.2100219726562,15.029999732971191
2025-02-14 15:32:00+00:00,138.00999450683594,610.1649780273438,15.039999961853027
2025-02-14 15:33:00+00:00,138.09320068359375,610.1799926757812,15.029999732971191
2025-02-14 15:34:00+00:00,138.0500946044922,610.1699829101562,15.020000457763672
2025-02-14 15:35:00+00:00,138.26809692382812,610.3699951171875,15.0
2025-02-14 15:36:00+00:00,138.18499755859375,610.1900024414062,15.029999732971191
2025-02-14 15:37:00+00:00,137.81500244140625,610.1099853515625,15.039999961853027
2025-02-14 15:38:00+00:00,137.64500427246094,610.039794921875,15.0600004196167
2025-02-14 15:39:00+00:00,137.66000366210938,610.0609741210938,15.050000190734863
2025-02-14 15:40:00+00:00,137.7050018310547,609.97998046875,15.079999923706055
2025-02-14 15:41:00+00:00,137.4001007080078,609.9373779296875,15.09000015258789
2025-02-14 15:42:00+00:00,137.27000427246094,609.9299926757812,15.079999923706055
2025-02-14 15:43:00+00:00,137.24000549316406,609.9600219726562,15.09000015258789
2025-02-14 15:44:00+00:00,137.4499969482422,610.0499877929688,15.069999694824219
2025-02-14 15:45:00+00:00,137.68020629882812,610.1699829101562,15.0600004196167
2025-02-14 15:46:00+00:00,137.50010681152344,610.260009765625,15.039999961853027
2025-02-14 15:47:00+00:00,137.3699951171875,610.219970703125,15.039999961853027
2025-02-14 15:48:00+00:00,137.5886993408203,610.3001098632812,15.020000457763672
2025-02-14 15:49:00+00:00,137.7198028564453,610.4299926757812,14.989999771118164
2025-02-14 15:50:00+00:00,137.68499755859375,610.4000244140625,15.020000457763672
2025-02-14 15:51:00+00:00,137.7050018310547,610.489990234375,15.010000228881836
2025-02-14 15:52:00+00:00,137.6750030517578,610.469970703125,15.010000228881836
2025-02-14 15:53:00+00:00,137.8800048828125,610.5399780273438,15.0
2025-02-14 15:54:00+00:00,137.9550018310547,610.52001953125,14.979999542236328
2025-02-14 15:55:00+00:00,137.82850646972656,610.469970703125,14.989999771118164
2025-02-14 15:56:00+00:00,137.8800048828125,610.5250244140625,14.970000267028809
2025-02-14 15:57:00+00:00,137.91659545898438,610.635009765625,14.949999809265137
2025-02-14 15:58:00+00:00,137.80999755859375,610.5499877929688,14.960000038146973
2025-02-14 15:59:00+00:00,137.77999877929688,610.510009765625,14.970000267028809
2025-02-14 16:00:00+00:00,137.7584991455078,610.418212890625,14.979999542236328
2025-02-14 16:01:00+00:00,137.82879638671875,610.489990234375,14.989999771118164
2025-02-14 16:02:00+00:00,137.6999969482422,610.5999755859375,14.949999809265137
2025-02-14 16:03:00+00:00,137.66290283203125,610.5999755859375,14.960000038146973
2025-02-14 16:04:00+00:00,137.55999755859375,610.5800170898438,14.970000267028809
2025-02-14 16:05:00+00:00,137.63999938964844,610.530029296875,14.970000267028809
2025-02-14 16:06:00+00:00,137.48500061035156,610.5800170898438,14.970000267028809
2025-02-14 16:07:00+00:00,137.5500030517578,610.6900024414062,14.960000038146973
2025-02-14 16:08:00+00:00,137.62240600585938,610.8099975585938,14.960000038146973
2025-02-14 16:09:00+00:00,137.3350067138672,610.7999877929688,14.949999809265137
2025-02-14 16:10:00+00:00,137.375,610.8499755859375,14.949999809265137
2025-02-14 16:11:00+00:00,137.125,610.739990234375,14.949999809265137
2025-02-14 16:12:00+00:00,137.139892578125,610.75,14.9399995803833
2025-02-14 16:13:00+00:00,137.0980987548828,610.38623046875,15.0
2025-02-14 16:14:00+00:00,137.0886993408203,610.4450073242188,15.0
2025-02-14 16:15:00+00:00,137.07000732421875,610.418701171875,15.010000228881836
2025-02-14 16:16:00+00:00,136.95489501953125,610.219970703125,15.050000190734863
2025-02-14 16:17:00+00:00,136.82470703125,610.2252197265625,15.0600004196167
2025-02-14 16:18:00+00:00,136.80099487304688,610.1099853515625,15.069999694824219
2025-02-14 16:19:00+00:00,136.64999389648438,609.8699951171875,15.100000381469727
2025-02-14 16:20:00+00:00,136.38999938964844,609.5800170898438,15.15999984741211
2025-02-14 16:21:00+00:00,136.4709930419922,609.60498046875,15.180000305175781
2025-02-14 16:22:00+00:00,136.75,609.8400268554688,15.140000343322754
2025-02-14 16:23:00+00:00,136.7288055419922,609.760009765625,15.140000343322754
2025-02-14 16:24:00+00:00,136.63999938964844,609.72998046875,15.15999984741211
2025-02-14 16:25:00+00:00,136.7769012451172,609.9550170898438,15.109999656677246
2025-02-14 16:26:00+00:00,136.67999267578125,609.989990234375,15.09000015258789
2025-02-14 16:27:00+00:00,136.7259063720703,610.1699829101562,15.039999961853027
2025-02-14 16:28:00+00:00,136.6407928466797,610.030029296875,15.069999694824219
2025-02-14 16:29:00+00:00,136.5800018310547,609.989990234375,15.069999694824219
2025-02-14 16:30:00+00:00,136.66310119628906,609.7899780273438,15.130000114440918
2025-02-14 16:31:00+00:00,136.7100067138672,609.9299926757812,15.119999885559082
2025-02-14 16:32:00+00:00,136.6199951171875,609.8599853515625,15.140000343322754
2025-02-14 16:33:00+00:00,136.52999877929688,609.7606811523438,15.15999984741211
2025-02-14 16:34:00+00:00,136.53489685058594,609.8900146484375,15.119999885559082
2025-02-14 16:35:00+00:00,136.44509887695312,609.97998046875,15.119999885559082
2025-02-14 16:36:00+00:00,136.25,609.7100219726562,15.140000343322754
2025-02-14 16:37:00+00:00,136.37989807128906,609.8150024414062,15.119999885559082
2025-02-14 16:38:00+00:00,136.52499389648438,609.9000244140625,15.09000015258789
2025-02-14 16:39:00+00:00,136.5850067138672,609.9652709960938,15.09000015258789
2025-02-14 16:40:00+00:00,136.61000061035156,610.02001953125,15.069999694824219
2025-02-14 16:41:00+00:00,136.5749053955078,610.0399780273438,15.069999694824219
2025-02-14 16:42:00+00:00,136.61489868164062,610.030029296875,15.0600004196167
2025-02-14 16:43:00+00:00,136.7100067138672,610.030029296875,15.039999961853027
2025-02-14 16:44:00+00:00,136.6699981689453,610.0800170898438,15.039999961853027
2025-02-14 16:45:00+00:00,136.64500427246094,610.0650024414062,15.039999961853027
2025-02-14 16:46:00+00:00,136.56500244140625,609.989990234375,15.020000457763672
2025-02-14 16:47:00+00:00,136.3618927001953,609.697998046875,15.100000381469727
2025-02-14 16:48:00+00:00,136.16000366210938,609.6699829101562,15.100000381469727
2025-02-14 16:49:00+00:00,136.2100067138672,609.7000122070312,15.109999656677246
2025-02-14 16:50:00+00:00,136.0998992919922,609.739990234375,15.119999885559082
2025-02-14 16:51:00+00:00,136.2949981689453,609.8399047851562,15.069999694824219
2025-02-14 16:52:00+00:00,136.30810546875,609.7999877929688,15.069999694824219
2025-02-14 16:53:00+00:00,136.44500732421875,609.989990234375,15.020000457763672
2025-02-14 16:54:00+00:00,136.54989624023438,610.0650024414062,14.989999771118164
2025-02-14 16:55:00+00:00,136.5500030517578,610.0549926757812,14.979999542236328
2025-02-14 16:56:00+00:00,136.47999572753906,609.9849853515625,15.0
2025-02-14 16:57:00+00:00,136.5050048828125,610.0599975585938,14.989999771118164
2025-02-14 16:58:00+00:00,136.59500122070312,610.260009765625,14.9399995803833
2025-02-14 16:59:00+00:00,136.50999450683594,610.22998046875,14.930000305175781
2025-02-14 17:00:00+00:00,136.38999938964844,610.1699829101562,14.949999809265137
2025-02-14 17:01:00+00:00,136.40499877929688,610.1699829101562,14.960000038146973
2025-02-14 17:02:00+00:00,136.6002960205078,610.1599731445312,14.949999809265137
2025-02-14 17:03:00+00:00,136.7899932861328,610.1699829101562,14.960000038146973
2025-02-14 17:04:00+00:00,136.7050018310547,610.0798950195312,14.979999542236328
2025-02-14 17:05:00+00:00,136.56979370117188,609.989990234375,14.989999771118164
2025-02-14 17:06:00+00:00,136.66619873046875,610.010009765625,14.979999542236328
2025-02-14 17:07:00+00:00,136.50999450683594,609.823974609375,15.020000457763672
2025-02-14 17:08:00+00:00,136.41000366210938,609.6931762695312,15.039999961853027
2025-02-14 17:09:00+00:00,136.38999938964844,609.6400146484375,15.029999732971191
2025-02-14 17:10:00+00:00,136.4499969482422,609.489990234375,15.039999961853027
2025-02-14 17:11:00+00:00,136.49000549316406,609.5599975585938,15.020000457763672
2025-02-14 17:12:00+00:00,136.41000366210938,609.510009765625,15.0
2025-02-14 17:13:00+00:00,136.5500030517578,609.47998046875,15.020000457763672
2025-02-14 17:14:00+00:00,136.639892578125,609.6099853515625,15.010000228881836
2025-02-14 17:15:00+00:00,136.6699981689453,609.5750122070312,15.020000457763672
2025-02-14 17:16:00+00:00,136.57009887695312,609.5700073242188,15.010000228881836
2025-02-14 17:17:00+00:00,136.52130126953125,609.52001953125,15.039999961853027
2025-02-14 17:18:00+00:00,136.5550994873047,609.5,15.029999732971191
2025-02-14 17:19:00+00:00,136.7100067138672,609.6099853515625,15.010000228881836
2025-02-14 17:20:00+00:00,136.83900451660156,609.6950073242188,14.970000267028809
2025-02-14 17:21:00+00:00,136.95599365234375,609.6799926757812,14.979999542236328
2025-02-14 17:22:00+00:00,136.95010375976562,609.489990234375,15.029999732971191
2025-02-14 17:23:00+00:00,136.86700439453125,609.4600219726562,15.029999732971191
2025-02-14 17:24:00+00:00,136.99989318847656,609.510009765625,15.029999732971191
2025-02-14 17:25:00+00:00,136.9416046142578,609.4849853515625,15.039999961853027
2025-02-14 17:26:00+00:00,137.00860595703125,609.5800170898438,15.029999732971191
2025-02-14 17:27:00+00:00,136.9949951171875,609.52001953125,15.029999732971191
2025-02-14 17:28:00+00:00,136.9199981689453,609.3699951171875,15.0600004196167
2025-02-14 17:29:00+00:00,136.74009704589844,609.3201293945312,15.079999923706055
2025-02-14 17:30:00+00:00,136.735595703125,609.398681640625,15.09000015258789
2025-02-14 17:31:00+00:00,136.90499877929688,609.4400024414062,15.079999923706055
2025-02-14 17:32:00+00:00,136.9250030517578,609.3900146484375,15.079999923706055
2025-02-14 17:33:00+00:00,136.889892578125,609.3599853515625,15.100000381469727
2025-02-14 17:34:00+00:00,136.85240173339844,609.4191284179688,15.100000381469727
2025-02-14 17:35:00+00:00,136.86990356445312,609.5499877929688,15.079999923706055
2025-02-14 17:36:00+00:00,136.9199981689453,609.47998046875,15.09000015258789
2025-02-14 17:37:00+00:00,136.92999267578125,609.469970703125,15.079999923706055
2025-02-14 17:38:00+00:00,136.8699951171875,609.4099731445312,15.09000015258789
2025-02-14 17:39:00+00:00,136.88999938964844,609.3300170898438,15.109999656677246
2025-02-14 17:40:00+00:00,136.91990661621094,609.3770141601562,15.100000381469727
2025-02-14 17:41:00+00:00,136.99490356445312,609.4099731445312,15.100000381469727
2025-02-14 17:42:00+00:00,136.9199981689453,609.280029296875,15.109999656677246
2025-02-14 17:43:00+00:00,136.91000366210938,609.239990234375,15.149999618530273
2025-02-14 17:44:00+00:00,136.8699951171875,609.25,15.140000343322754
2025-02-14 17:45:00+00:00,136.8800048828125,609.3800048828125,15.109999656677246
2025-02-14 17:46:00+00:00,136.97830200195312,609.4199829101562,15.079999923706055
2025-02-14 17:47:00+00:00,136.96499633789062,609.4500122070312,15.0600004196167
2025-02-14 17:48:00+00:00,137.0749969482422,609.5999755859375,15.020000457763672
2025-02-14 17:49:00+00:00,137.2100067138672,609.736572265625,15.0
2025-02-14 17:50:00+00:00,137.24000549316406,609.780029296875,14.970000267028809
2025-02-14 17:51:00+00:00,137.375,609.8037719726562,14.960000038146973
2025-02-14 17:52:00+00:00,137.40499877929688,609.89990234375,14.9399995803833
2025-02-14 17:53:00+00:00,137.36129760742188,609.8200073242188,14.949999809265137
2025-02-14 17:54:00+00:00,137.36000061035156,609.9500122070312,14.9399995803833
2025-02-14 17:55:00+00:00,137.33900451660156,609.9199829101562,14.930000305175781
2025-02-14 17:56:00+00:00,137.33999633789062,609.8499755859375,14.949999809265137
2025-02-14 17:57:00+00:00,137.4250946044922,609.9390258789062,14.920000076293945
2025-02-14 17:58:00+00:00,137.4199981689453,609.9650268554688,14.920000076293945
2025-02-14 17:59:00+00:00,137.3699951171875,609.9199829101562,14.920000076293945
2025-02-14 18:00:00+00:00,137.36000061035156,609.9299926757812,14.899999618530273
2025-02-14 18:01:00+00:00,137.2899932861328,609.77197265625,14.90999984741211
2025-02-14 18:02:00+00:00,137.4600067138672,610.0050048828125,14.869999885559082
2025-02-14 18:03:00+00:00,137.51010131835938,610.0339965820312,14.880000114440918
2025-02-14 18:04:00+00:00,137.47549438476562,609.9249877929688,14.899999618530273
2025-02-14 18:05:00+00:00,137.47999572753906,609.9199829101562,14.899999618530273
2025-02-14 18:06:00+00:00,137.49609375,609.8699951171875,14.899999618530273
2025-02-14 18:07:00+00:00,137.5301055908203,609.8800048828125,14.899999618530273
2025-02-14 18:08:00+00:00,137.7100067138672,610.0468139648438,14.880000114440918
2025-02-14 18:09:00+00:00,137.59500122070312,610.0,14.899999618530273
2025-02-14 18:10:00+00:00,137.5050048828125,610.02001953125,14.869999885559082
2025-02-14 18:11:00+00:00,137.47000122070312,610.0150146484375,14.850000381469727
2025-02-14 18:12:00+00:00,137.59820556640625,610.02001953125,14.859999656677246
2025-02-14 18:13:00+00:00,137.59129333496094,610.010009765625,14.859999656677246
2025-02-14 18:14:00+00:00,137.5115966796875,609.9099731445312,14.869999885559082
2025-02-14 18:15:00+00:00,137.43499755859375,609.9000244140625,14.890000343322754
2025-02-14 18:16:00+00:00,137.36000061035156,609.8599853515625,14.899999618530273
2025-02-14 18:17:00+00:00,137.35000610351562,609.864990234375,14.899999618530273
2025-02-14 18:18:00+00:00,137.4429931640625,610.030029296875,14.880000114440918
2025-02-14 18:19:00+00:00,137.40499877929688,609.969970703125,14.899999618530273
2025-02-14 18:20:00+00:00,137.45989990234375,609.97998046875,14.90999984741211
2025-02-14 18:21:00+00:00,137.43499755859375,609.8599853515625,14.920000076293945
2025-02-14 18:22:00+00:00,137.32000732421875,609.9000244140625,14.930000305175781
2025-02-14 18:23:00+00:00,137.26910400390625,609.9400024414062,14.920000076293945
2025-02-14 18:24:00+00:00,137.22000122070312,609.9268188476562,14.920000076293945
2025-02-14 18:25:00+00:00,137.15980529785156,609.8499755859375,14.9399995803833
2025-02-14 18:26:00+00:00,137.22999572753906,609.8250122070312,14.949999809265137
2025-02-14 18:27:00+00:00,137.16000366210938,609.7449951171875,14.970000267028809
2025-02-14 18:28:00+00:00,137.25,609.8599853515625,14.970000267028809
2025-02-14 18:29:00+00:00,137.3376007080078,609.9298706054688,14.930000305175781
2025-02-14 18:30:00+00:00,137.47000122070312,610.1099853515625,14.890000343322754
2025-02-14 18:31:00+00:00,137.35499572753906,610.0748901367188,14.899999618530273
2025-02-14 18:32:00+00:00,137.3448944091797,610.1699829101562,14.890000343322754
2025-02-14 18:33:00+00:00,137.36500549316406,610.3200073242188,14.84000015258789
2025-02-14 18:34:00+00:00,137.40499877929688,610.3800048828125,14.84000015258789
2025-02-14 18:35:00+00:00,137.38999938964844,610.25,14.859999656677246
2025-02-14 18:36:00+00:00,137.48880004882812,610.4299926757812,14.84000015258789
2025-02-14 18:37:00+00:00,137.4199981689453,610.3300170898438,14.859999656677246
2025-02-14 18:38:00+00:00,137.4499969482422,610.344970703125,14.859999656677246
2025-02-14 18:39:00+00:00,137.36489868164062,610.364990234375,14.859999656677246
2025-02-14 18:40:00+00:00,137.37030029296875,610.4949951171875,14.829999923706055
2025-02-14 18:41:00+00:00,137.27999877929688,610.4600219726562,14.819999694824219
2025-02-14 18:42:00+00:00,137.19500732421875,610.4550170898438,14.829999923706055
2025-02-14 18:43:00+00:00,137.14169311523438,610.39501953125,14.829999923706055
2025-02-14 18:44:00+00:00,137.1999969482422,610.4650268554688,14.819999694824219
2025-02-14 18:45:00+00:00,137.2949981689453,610.5501098632812,14.800000190734863
2025-02-14 18:46:00+00:00,137.25999450683594,610.6599731445312,14.789999961853027
2025-02-14 18:47:00+00:00,137.3632049560547,610.6900024414062,14.789999961853027
2025-02-14 18:48:00+00:00,137.3074951171875,610.6599731445312,14.8100004196167
2025-02-14 18:49:00+00:00,137.2888946533203,610.6683959960938,14.819999694824219
2025-02-14 18:50:00+00:00,137.30999755859375,610.7249755859375,14.819999694824219
2025-02-14 18:51:00+00:00,137.34500122070312,610.6699829101562,14.84000015258789
2025-02-14 18:52:00+00:00,137.3350067138672,610.6300048828125,14.859999656677246
2025-02-14 18:53:00+00:00,137.33859252929688,610.5900268554688,14.850000381469727
2025-02-14 18:54:00+00:00,137.4001007080078,610.6500244140625,14.850000381469727
2025-02-14 18:55:00+00:00,137.4300994873047,610.6400146484375,14.850000381469727
2025-02-14 18:56:00+00:00,137.40159606933594,610.5999755859375,14.859999656677246
2025-02-14 18:57:00+00:00,137.44500732421875,610.52001953125,14.869999885559082
2025-02-14 18:58:00+00:00,137.49000549316406,610.5299072265625,14.880000114440918
2025-02-14 18:59:00+00:00,137.4149932861328,610.47998046875,14.890000343322754
2025-02-14 19:00:00+00:00,137.52000427246094,610.4301147460938,14.899999618530273
2025-02-14 19:01:00+00:00,137.52000427246094,610.4600219726562,14.90999984741211
2025-02-14 19:02:00+00:00,137.62669372558594,610.5800170898438,14.890000343322754
2025-02-14 19:03:00+00:00,137.6750030517578,610.4500122070312,14.90999984741211
2025-02-14 19:04:00+00:00,137.69000244140625,610.469970703125,14.90999984741211
2025-02-14 19:05:00+00:00,137.78500366210938,610.489990234375,14.90999984741211
2025-02-14 19:06:00+00:00,137.75100708007812,610.4600219726562,14.90999984741211
2025-02-14 19:07:00+00:00,137.73899841308594,610.5198974609375,14.899999618530273
2025-02-14 19:08:00+00:00,137.6999969482422,610.52001953125,14.90999984741211
2025-02-14 19:09:00+00:00,137.76499938964844,610.530029296875,14.899999618530273
2025-02-14 19:10:00+00:00,137.8350067138672,610.6400146484375,14.880000114440918
2025-02-14 19:11:00+00:00,137.7949981689453,610.6699829101562,14.899999618530273
2025-02-14 19:12:00+00:00,137.9799041748047,610.7100219726562,14.890000343322754
2025-02-14 19:13:00+00:00,137.9199981689453,610.6749877929688,14.890000343322754
2025-02-14 19:14:00+00:00,137.9499969482422,610.7053833007812,14.890000343322754
2025-02-14 19:15:00+00:00,137.9600067138672,610.5800170898438,14.899999618530273
2025-02-14 19:16:00+00:00,137.9709014892578,610.60498046875,14.890000343322754
2025-02-14 19:17:00+00:00,137.94000244140625,610.6074829101562,14.890000343322754
2025-02-14 19:18:00+00:00,137.81500244140625,610.47998046875,14.90999984741211
2025-02-14 19:19:00+00:00,137.8300018310547,610.4650268554688,14.890000343322754
2025-02-14 19:20:00+00:00,137.66490173339844,610.4099731445312,14.899999618530273
2025-02-14 19:21:00+00:00,137.78509521484375,610.3200073242188,14.920000076293945
2025-02-14 19:22:00+00:00,137.77000427246094,610.39501953125,14.920000076293945
2025-02-14 19:23:00+00:00,137.89500427246094,610.3300170898438,14.920000076293945
2025-02-14 19:24:00+00:00,137.88499450683594,610.3900146484375,14.920000076293945
2025-02-14 19:25:00+00:00,137.87010192871094,610.2954711914062,14.9399995803833
2025-02-14 19:26:00+00:00,137.93460083007812,610.3099975585938,14.9399995803833
2025-02-14 19:27:00+00:00,137.8249969482422,610.1300048828125,14.989999771118164
2025-02-14 19:28:00+00:00,137.8343963623047,610.0800170898438,14.989999771118164
2025-02-14 19:29:00+00:00,137.82000732421875,610.1300048828125,14.979999542236328
2025-02-14 19:30:00+00:00,137.75999450683594,610.0999755859375,14.979999542236328
2025-02-14 19:31:00+00:00,137.77000427246094,609.969970703125,14.989999771118164
2025-02-14 19:32:00+00:00,137.8000030517578,610.010009765625,14.989999771118164
2025-02-14 19:33:00+00:00,137.7899932861328,610.0700073242188,14.979999542236328
2025-02-14 19:34:00+00:00,137.889892578125,610.10498046875,14.970000267028809
2025-02-14 19:35:00+00:00,137.8699951171875,610.0399780273438,14.989999771118164
2025-02-14 19:36:00+00:00,137.84500122070312,610.1500244140625,14.979999542236328
2025-02-14 19:37:00+00:00,137.86500549316406,610.2802124023438,14.960000038146973
2025-02-14 19:38:00+00:00,137.80499267578125,610.1799926757812,14.949999809265137
2025-02-14 19:39:00+00:00,137.80499267578125,610.1699829101562,14.970000267028809
2025-02-14 19:40:00+00:00,137.75,610.1400146484375,14.979999542236328
2025-02-14 19:41:00+00:00,137.75999450683594,610.0999755859375,14.989999771118164
2025-02-14 19:42:00+00:00,137.78990173339844,610.1900024414062,14.970000267028809
2025-02-14 19:43:00+00:00,137.80499267578125,610.1900024414062,14.960000038146973
2025-02-14 19:44:00+00:00,137.80499267578125,610.1900024414062,14.949999809265137
2025-02-14 19:45:00+00:00,137.80999755859375,610.25,14.920000076293945
2025-02-14 19:46:00+00:00,137.75999450683594,610.2000122070312,15.0
2025-02-14 19:47:00+00:00,137.78500366210938,610.1500244140625,15.010000228881836
2025-02-14 19:48:00+00:00,137.7783966064453,610.0599975585938,15.039999961853027
2025-02-14 19:49:00+00:00,137.7982940673828,610.0499877929688,15.050000190734863
2025-02-14 19:50:00+00:00,137.88999938964844,610.1199951171875,15.050000190734863
2025-02-14 19:51:00+00:00,137.82130432128906,610.0,15.050000190734863
2025-02-14 19:52:00+00:00,137.76499938964844,609.8400268554688,15.050000190734863
2025-02-14 19:53:00+00:00,137.77000427246094,609.9694213867188,15.039999961853027
2025-02-14 19:54:00+00:00,137.86000061035156,610.0590209960938,15.020000457763672
2025-02-14 19:55:00+00:00,137.92999267578125,610.030029296875,14.989999771118164
2025-02-14 19:56:00+00:00,137.97999572753906,609.9400024414062,14.970000267028809
2025-02-14 19:57:00+00:00,137.98989868164062,610.0599975585938,14.979999542236328
2025-02-14 19:58:00+00:00,138.1699981689453,610.1599731445312,14.90999984741211
2025-02-14 19:59:00+00:00,138.19509887695312,610.219970703125,14.90999984741211
2025-02-14 20:00:00+00:00,138.08999633789062,609.989990234375,14.9399995803833
2025-02-14 20:01:00+00:00,138.08009338378906,609.97998046875,14.930000305175781
2025-02-14 20:02:00+00:00,138.05870056152344,610.0,14.920000076293945
2025-02-14 20:03:00+00:00,138.0850067138672,609.9099731445312,14.949999809265137
2025-02-14 20:04:00+00:00,138.11000061035156,609.9600219726562,14.949999809265137
2025-02-14 20:05:00+00:00,138.0500030517578,609.9299926757812,14.960000038146973
2025-02-14 20:06:00+00:00,138.11489868164062,609.9000244140625,15.010000228881836
2025-02-14 20:07:00+00:00,138.18499755859375,609.9299926757812,15.0
2025-02-14 20:08:00+00:00,138.22509765625,609.9600219726562,14.979999542236328
2025-02-14 20:09:00+00:00,138.1898956298828,610.030029296875,14.970000267028809
2025-02-14 20:10:00+00:00,138.1898956298828,609.8800048828125,14.970000267028809
2025-02-14 20:11:00+00:00,138.28309631347656,609.8400268554688,14.970000267028809
2025-02-14 20:12:00+00:00,138.27999877929688,609.8499755859375,15.029999732971191
2025-02-14 20:13:00+00:00,138.31500244140625,610.030029296875,14.989999771118164
2025-02-14 20:14:00+00:00,138.34030151367188,610.0599975585938,14.970000267028809
2025-02-14 20:15:00+00:00,138.3498992919922,610.1599731445312,14.960000038146973
2025-02-14 20:16:00+00:00,138.44810485839844,610.125,14.949999809265137
2025-02-14 20:17:00+00:00,138.4550018310547,610.1749877929688,14.949999809265137
2025-02-14 20:18:00+00:00,138.4550018310547,610.1900024414062,14.9399995803833
2025-02-14 20:19:00+00:00,138.42489624023438,610.1300048828125,14.949999809265137
2025-02-14 20:20:00+00:00,138.42999267578125,610.1298828125,14.949999809265137
2025-02-14 20:21:00+00:00,138.44200134277344,610.0349731445312,14.949999809265137
2025-02-14 20:22:00+00:00,138.4499969482422,609.9299926757812,15.010000228881836
2025-02-14 20:23:00+00:00,138.42820739746094,609.9199829101562,15.010000228881836
2025-02-14 20:24:00+00:00,138.4600067138672,609.8400268554688,15.010000228881836
2025-02-14 20:25:00+00:00,138.4550018310547,609.89501953125,15.0
2025-02-14 20:26:00+00:00,138.46499633789062,609.8250122070312,15.010000228881836
2025-02-14 20:27:00+00:00,138.41990661621094,609.719970703125,15.020000457763672
2025-02-14 20:28:00+00:00,138.43499755859375,609.739990234375,15.0
2025-02-14 20:29:00+00:00,138.36509704589844,609.6699829101562,15.0
2025-02-14 20:30:00+00:00,138.47000122070312,609.6300048828125,15.039999961853027
2025-02-14 20:31:00+00:00,138.5,609.780029296875,14.970000267028809
2025-02-14 20:32:00+00:00,138.48460388183594,609.7100219726562,14.979999542236328
2025-02-14 20:33:00+00:00,138.64999389648438,609.864990234375,14.9399995803833
2025-02-14 20:34:00+00:00,138.76539611816406,610.0,14.90999984741211
2025-02-14 20:35:00+00:00,138.86500549316406,609.9600219726562,14.90999984741211
2025-02-14 20:36:00+00:00,138.8325958251953,610.0,14.890000343322754
2025-02-14 20:37:00+00:00,138.94500732421875,610.010009765625,14.869999885559082
2025-02-14 20:38:00+00:00,138.99000549316406,610.0211791992188,14.859999656677246
2025-02-14 20:39:00+00:00,138.98019409179688,610.1199951171875,14.850000381469727
2025-02-14 20:40:00+00:00,138.8950958251953,609.9000244140625,14.84000015258789
2025-02-14 20:41:00+00:00,138.66000366210938,609.7899780273438,14.869999885559082
2025-02-14 20:42:00+00:00,138.69500732421875,609.7999877929688,14.859999656677246
2025-02-14 20:43:00+00:00,138.625,609.6099853515625,14.869999885559082
2025-02-14 20:44:00+00:00,138.67999267578125,609.7274780273438,14.84000015258789
2025-02-14 20:45:00+00:00,138.72000122070312,609.7550048828125,14.8100004196167
2025-02-14 20:46:00+00:00,138.73809814453125,609.7050170898438,14.800000190734863
2025-02-14 20:47:00+00:00,138.6112060546875,609.6400146484375,14.8100004196167
2025-02-14 20:48:00+00:00,138.63999938964844,609.6300048828125,14.819999694824219
2025-02-14 20:49:00+00:00,138.74000549316406,609.6199951171875,14.829999923706055
2025-02-14 20:50:00+00:00,139.0,609.8900146484375,14.8100004196167
2025-02-14 20:51:00+00:00,139.07009887695312,610.0,14.779999732971191
2025-02-14 20:52:00+00:00,138.93499755859375,610.0999755859375,14.770000457763672
2025-02-14 20:53:00+00:00,138.94000244140625,610.1199951171875,14.75
2025-02-14 20:54:00+00:00,139.0800018310547,610.14501953125,14.760000228881836
2025-02-14 20:55:00+00:00,139.10879516601562,610.0549926757812,14.800000190734863
2025-02-14 20:56:00+00:00,139.10000610351562,610.1599731445312,14.779999732971191
2025-02-14 20:57:00+00:00,139.0800018310547,610.1799926757812,14.789999961853027
2025-02-14 20:58:00+00:00,138.91990661621094,610.0999755859375,14.8100004196167
2025-02-14 20:59:00+00:00,138.86000061035156,609.7000122070312,14.850000381469727
