"","stock1","stock2","stock3","stock4","stock5"
"1",100.769805688446,100.461182767158,101.329728794352,100.42666128005,100.350444782142
"2",100.895991871541,100.322589131262,101.330362707042,100.511399739098,100.287325638339
"3",100.863069746201,100.302936598714,101.284881644896,100.548669191581,100.361479441123
"4",100.944516808878,100.343210282368,101.267069783694,100.362175355533,100.312007215664
"5",100.872588209353,100.334221220211,101.266758501889,100.315708150434,100.329150333421
"6",100.739555365914,100.223286274673,101.255624795426,100.181667895312,100.402363815794
"7",100.59745033822,100.154170641951,101.237465155149,100.335096039738,100.428210382324
"8",100.632897996877,100.181565075518,101.307198921982,100.385008468305,100.323049454166
"9",100.808831139772,100.33435169741,101.312636539531,100.207291574618,100.186585364361
"10",100.845146497268,100.306736663505,101.326611916559,100.192400840401,100.291793654733
"11",100.818257512164,100.296323129314,101.341973605003,100.281588422498,100.263511269141
"12",100.679344008746,100.318071648413,101.344761026471,100.365822347384,100.188286471903
"13",100.620130996765,100.402992158407,101.319415855793,100.460195936795,100.20625231421
"14",100.644888084186,100.604802300384,101.30388653802,100.672847937974,100.169785605743
"15",100.387942029178,100.600148881458,101.305358559571,100.732277170071,100.156734587544
"16",100.324982515639,100.824147426972,101.278654743888,100.67036782851,100.254492075129
"17",100.341706687916,100.74916620565,101.271771501116,100.697552149193,100.247024386803
"18",100.379990005741,100.789232898242,101.257883814252,100.872746990088,100.194719813535
"19",100.561081083153,100.691202646467,101.213240423976,100.868880421864,100.156239490137
"20",100.642054535954,100.705975826232,101.234108066948,100.958067875929,100.246661079815
"21",100.770391488191,100.609973940863,101.188647559255,100.829915500063,100.197071450471
"22",100.759908201197,100.594420592592,101.180483148049,100.78522927687,100.148687255272
"23",100.767649588281,100.715940045374,101.21538688668,100.578875441399,100.074731208125
"24",100.730794918707,100.697302407313,101.191268993034,100.711278147333,100.128299508509
"25",100.592227293349,100.702427923948,101.166299429459,100.786779364926,100.16995619339
"26",100.554845633251,100.634467776095,101.185211685367,100.621384273721,100.187034989103
"27",100.570800566556,100.648090224391,101.214057254869,100.622459163639,100.18066025469
"28",100.755402890781,100.578420920987,101.247338046182,100.732652043189,100.22042298873
"29",100.915925379023,100.553161426873,101.282180251193,100.754833737259,100.212620365806
"30",101.070666082815,100.423824639707,101.275798970976,100.801715094807,100.224200450803
"31",101.225308347846,100.423161248398,101.277816021097,100.853151658983,100.268308753007
"32",101.306379737216,100.484473277544,101.306795204792,100.861640764587,100.274271453999
"33",101.489014378733,100.441287617169,101.302759508146,100.838844088721,100.263942857987
"34",101.536882885996,100.483997453013,101.286832267434,100.793643295921,100.241589411973
"35",101.554143133434,100.474412664004,101.297618522027,100.997492061348,100.205789772657
"36",101.391673682999,100.618455676992,101.292353560657,101.173962899938,100.169464371479
"37",101.426119637697,100.579326396117,101.328385551676,101.093075351684,100.24352144445
"38",101.508284246767,100.549012642814,101.364514051316,101.227538073807,100.278531399757
"39",101.231227969245,100.423106821443,101.384081528131,101.177297136165,100.256695024789
"40",101.07008274232,100.45923497517,101.328198933087,101.118668093332,100.212170443127
"41",101.056686689307,100.475075447488,101.316096400143,101.390956894994,100.279601457343
"42",100.950654107344,100.581879215747,101.307637137115,101.282510311696,100.355319985444
"43",100.785250905853,100.385182042821,101.350428235829,101.291746946444,100.2752580754
"44",100.659548493003,100.281407532486,101.365490260284,101.374284683292,100.259046252962
"45",100.605435418422,100.25501034868,101.353014527397,101.214324326074,100.272678413665
"46",100.661175655703,100.347105281013,101.327990444122,101.135888063885,100.247023408751
"47",100.784906016366,100.207973100502,101.352229239449,101.116212283153,100.196457062339
"48",100.811670771583,100.337141532015,101.359688106212,101.235701748664,100.153084538609
"49",100.994148010476,100.194964656575,101.325683486461,101.430224542545,100.118304096022
"50",101.202369801336,100.0865257035,101.348962419024,101.599220932934,100.031088206057
"51",101.605057336084,100.206329387723,101.349579629649,101.593923541211,99.9433121388791
"52",101.56221692493,100.185288154466,101.364399261635,101.560469062107,99.9720045485954
"53",101.613981308537,100.057145302721,101.344564720236,101.328328475975,99.9485205684523
"54",101.562794457094,100.185519550621,101.336307273451,101.231340317841,99.9986269870242
"55",101.46711898354,100.145590924092,101.327081727113,101.203343350882,100.093970198732
"56",101.394438723229,100.171407276314,101.365761582767,101.414259642616,100.143768207901
"57",101.197837626809,100.146192373196,101.328436190923,101.132754507398,100.169374580657
"58",101.212711171945,100.112879032104,101.278105897672,101.000989436005,100.145346321177
"59",101.308534187712,100.023391610912,101.287578825792,101.340904934102,100.122068057098
"60",101.199601513699,100.017645159728,101.318616373689,101.171566401237,100.105192389244
"61",101.065323123011,100.048035486644,101.330348654971,100.944958125168,100.113384636545
"62",101.133352984769,100.056058434018,101.372595755582,100.994793910186,100.209335942172
"63",101.309931812627,100.049417580159,101.376112737412,101.098148450711,100.248973584504
"64",101.302397679354,100.169580105582,101.319843389431,101.306827215163,100.261439780062
"65",101.311035933375,100.008620891506,101.309434481594,101.215292278404,100.22195065848
"66",101.580954039271,100.110565076475,101.327805271544,101.158762809291,100.229033318281
"67",101.491216243168,100.055166016906,101.326088655402,101.248940088388,100.297041357345
"68",101.542999064338,100.142685704791,101.371299117126,101.145754405703,100.312638348635
"69",101.620827501975,100.306200921684,101.400544440408,101.030237137704,100.431035275757
"70",101.848145909141,100.39879487839,101.415312666891,100.953850326669,100.38555344106
"71",101.582723964353,100.354371524107,101.405203713014,100.93482126278,100.427220277684
"72",101.617831483111,100.361034329347,101.396866169139,100.75692997908,100.394192195422
"73",101.818619851872,100.43072038261,101.373464697514,100.393839286911,100.453791161038
"74",101.586912745355,100.398430918213,101.327897031107,100.433990284112,100.42163550805
"75",101.649410214763,100.509629290476,101.288129220642,100.462881963546,100.390106179049
"76",101.636309932086,100.467316706198,101.26556769341,100.531228067952,100.417673202387
"77",101.655682449771,100.352094703537,101.296620777117,100.430765234126,100.496493584163
"78",101.692846150867,100.366250189313,101.308205935912,100.232845915357,100.656414033999
"79",101.75012174539,100.444367901937,101.336584328329,100.293956454962,100.572005969394
"80",101.766750497899,100.472605102877,101.383530931622,100.40167122702,100.613006266955
"81",101.899479825243,100.460971222017,101.379325026618,100.431614515701,100.721425745515
"82",101.8661741038,100.450703770011,101.396351508331,100.671087231033,100.795064883852
"83",101.959884857988,100.498252068881,101.434699591544,100.767396929017,100.836258282328
"84",102.067815940399,100.550100469282,101.393627184448,100.799657750456,100.85615955976
"85",102.258970111739,100.548187496173,101.394724561922,100.844873245711,100.784292934043
"86",102.235641338986,100.740804888423,101.394076395785,100.957082557675,100.915466030237
"87",102.16623979209,100.704525595656,101.382580762401,101.121598774043,100.927124457156
"88",102.354659882772,100.854769487192,101.446729747902,101.069948429621,100.988206324209
"89",102.323133711262,100.961591534786,101.445536702646,100.749054120838,100.928813253416
"90",102.324465923565,101.035965033124,101.431102705435,100.817057280497,100.927952838054
"91",102.25372346398,101.12792709147,101.432495070334,101.041581222011,100.849499722053
"92",102.365566236623,101.078626484306,101.455105634273,101.034030144374,100.868619715682
"93",102.297862084997,100.835920475859,101.452289990589,100.810644079792,100.82254494483
"94",102.35102212081,100.679454933331,101.444510292668,100.907554242055,100.798510637759
"95",102.284564114529,100.748165199715,101.441609925473,100.942237987064,100.771722657976
"96",102.158262457137,100.670701510009,101.432644360201,101.085783403547,100.628337361381
"97",102.069131320963,100.660909260374,101.434466347401,101.025099915412,100.601011466764
"98",101.977801171654,100.676069861675,101.406077650169,101.057912890978,100.519204249435
"99",101.778097062254,100.50383846406,101.446670142824,101.067530564757,100.351383246341
"100",101.766097055205,100.493356850037,101.461096459238,101.080959855554,100.340619707304
"101",101.798428991026,100.584147382622,101.468406659431,100.791027806107,100.416541580183
"102",102.05420365456,100.566360338513,101.463987696464,100.647556750882,100.431055522495
"103",101.822037071897,100.42289902629,101.486909386764,100.624757358854,100.528346881941
"104",101.916491441931,100.39714527979,101.459086208007,100.589660861356,100.597638656652
"105",102.059279763828,100.416855566587,101.437471796652,100.631306534351,100.638828417459
"106",102.052193264629,100.330196808656,101.465815329723,100.658526602947,100.570339540342
"107",102.010121452085,100.207330144902,101.489722452542,100.540871268281,100.614721458034
"108",102.127161346024,100.258036700504,101.478079103912,100.677065209689,100.540421244322
"109",102.34373188233,100.270598855617,101.499060876058,100.594451298243,100.560262924807
"110",102.527345770224,100.159413959849,101.484588132363,100.536688241681,100.603227521454
"111",102.461631802086,100.080507894563,101.485297111309,100.498913436359,100.691305732138
"112",102.377491381126,100.138776086627,101.50852375451,100.37636301019,100.565126183301
"113",102.514705631098,100.141796276905,101.472640062881,100.410712691818,100.634867110859
"114",102.417843584749,100.185930909751,101.488188075261,100.367805294617,100.634480935048
"115",102.472550238317,100.291683983178,101.443354190584,100.086437979646,100.74378192759
"116",102.453252062935,100.488197989316,101.439806575374,99.8974269904099,100.716251429773
"117",102.404856158227,100.514915997553,101.446274725397,99.7606972340227,100.679241720531
"118",102.662214347494,100.428359848651,101.478949788574,99.6356666376236,100.609566723895
"119",102.589980903697,100.30508942884,101.471979096219,99.5661851996508,100.667272385435
"120",102.708335208984,100.203571309174,101.467309403478,99.4916471631171,100.708739651099
"121",102.763455533412,100.330241451653,101.451049586933,99.4435977613944,100.677013928057
"122",102.690159553991,100.311930393936,101.464879463625,99.3846932513139,100.65832378249
"123",102.536746656426,100.282770315466,101.475291503395,99.7261208948863,100.595342914783
"124",102.61855593849,100.20659944682,101.461622851057,99.6978042706588,100.566859777818
"125",102.58848724418,100.147086100296,101.456706811692,99.7666806819223,100.534941435123
"126",102.428475072235,100.168155187583,101.463733097863,99.568789486544,100.573013253578
"127",102.512649960303,100.145841717817,101.494233164077,99.0700526216675,100.618380541434
"128",102.558040893547,100.173202693792,101.516991469404,98.878588547216,100.684559839122
"129",102.742479093001,99.9943166729938,101.574426433208,98.8796827251228,100.709792370103
"130",102.779073011682,99.7547234416848,101.535414567163,98.943021098175,100.683385422376
"131",102.77718613521,99.7991081479458,101.527544373073,98.7579541051685,100.758756208212
"132",102.693373585563,99.8822895874528,101.550725971953,98.4331000227142,100.884563260709
"133",102.704783919047,99.8169960582304,101.548680743504,98.5972337605012,100.934523135469
"134",102.910715531873,99.9149957537911,101.541821333923,98.4710352854665,100.971280613314
"135",102.847424256591,99.9241797836635,101.498548062694,98.3911337105837,100.938425515124
"136",102.921152246951,100.021513854709,101.497588577623,98.1987507547966,100.900564506555
"137",102.708356463865,99.9419499819098,101.457355325171,98.0482591256795,100.89753412571
"138",102.637256131841,99.8831423633572,101.475256584315,98.1147043871574,100.812748117408
"139",102.893509198596,99.8699274121013,101.509122100036,97.9831659520907,100.754021062451
"140",102.87152430386,99.9084890894486,101.55915425588,97.7851469708455,100.803815495574
"141",102.833443304878,100.006129780822,101.544668920545,97.8687505691521,100.831987644337
"142",102.960752582605,99.7958599968059,101.552653799442,97.8197943480411,100.888842799156
"143",102.899836586092,99.824962943809,101.539621401163,97.9744772421232,100.955328044879
"144",102.784444280659,99.811043735536,101.548987872167,97.9087989624389,100.892519500042
"145",102.660935650702,99.6796711383325,101.547831283236,97.8620292826515,100.760155101548
"146",102.628429634833,99.6582959743687,101.579576437161,97.9536296173699,100.681471530038
"147",102.675678826153,99.697944508491,101.565460055499,97.9695087947153,100.689333152371
"148",102.575775860634,99.715397414775,101.601945626277,97.6961260652712,100.674514195093
"149",102.685670619513,99.518939311048,101.604913901857,97.6746102952278,100.653261708963
"150",102.69336025471,99.4520879876666,101.630283794137,97.6001477251736,100.621090930319
"151",102.662739269251,99.4899741757622,101.643345586634,97.482048837928,100.578473575315
"152",102.731692426547,99.5432746061868,101.640558454764,97.5215662616394,100.526291539673
"153",102.705949359812,99.549153849686,101.66631216275,97.4232607979329,100.524562774907
"154",102.663704515932,99.5622778501171,101.652588492287,97.1986632994822,100.529379294497
"155",102.889100167394,99.6714835021744,101.669739211814,96.9962495765838,100.47075117698
"156",102.81448159483,99.6713668001859,101.664661749443,97.0569633878445,100.471333337538
"157",102.763832928054,99.7101658650639,101.694415203648,96.7330271560134,100.517220211141
"158",102.569327488621,99.6345865127111,101.653552755276,96.6185741204888,100.44622659656
"159",102.498832594974,99.7000633466887,101.664972395064,96.8287493548286,100.542807438753
"160",102.417266326045,99.8105123589167,101.698873767291,96.6064232113325,100.564803934691
"161",102.433411212113,99.7808062879802,101.708890380348,96.4869213689896,100.544900569477
"162",102.591314016853,99.8407991391906,101.676737834509,96.6755406447409,100.615036838962
"163",102.6775132216,99.6905310127913,101.669907791767,96.7425821368885,100.634929437576
"164",102.759890291448,99.620482601004,101.681815615511,96.9969444439377,100.736158041147
"165",102.842512239463,99.6765048432746,101.689216947405,96.9752111419365,100.875919558126
"166",102.810936576759,99.8013638919305,101.676266189109,96.8899974134404,100.839567063019
"167",102.793779234606,99.8788077426688,101.664048410963,97.1060383319111,100.892953441291
"168",103.062872236969,100.001818707829,101.664083958889,97.1310842690836,100.830356680797
"169",102.84213594549,99.9628146458532,101.669203243721,97.3049359677114,100.794575002331
"170",102.885419816499,99.9000600462073,101.690997913033,97.2433497565417,100.823653162712
"171",103.085081184723,99.9145725112169,101.667842781056,97.1703091583327,100.865387056767
"172",103.127704822382,99.8925316634583,101.6467162302,97.0399762183206,100.776067473524
"173",103.17094990358,99.942597115295,101.689143673387,97.0667153139416,100.832659965611
"174",103.184983080127,99.9265805033785,101.687637151786,97.0052690179088,100.913870013368
"175",103.272116028786,99.8989580237028,101.640482497749,97.0058118700048,100.884457289133
"176",103.193349457351,99.8209137039588,101.573982710894,96.8664412947131,100.874998821837
"177",103.361053883764,99.710163422515,101.596359570622,96.9670744626666,100.846941864453
"178",103.389089633172,99.7470730207902,101.611483820049,97.0336166820419,100.863804604047
"179",103.509717000404,99.6636312430573,101.589317742114,97.0016369661663,100.923905124815
"180",103.712005360543,99.6966198678456,101.600584773636,96.9291770448139,100.868995093016
"181",103.621473341409,99.6689862187249,101.608079386669,96.859588835582,100.923351398536
"182",103.822575978064,99.7182307263259,101.594774871239,96.8088057056631,100.91203811144
"183",103.778310046962,99.662479295936,101.622079471509,96.9615499195475,100.89007500049
"184",103.736660879116,99.7386519704057,101.623562886277,96.84108651992,100.949431226733
"185",103.827151650957,99.6690368825831,101.630070881342,96.9958236033772,100.880308545833
"186",103.937499326946,99.7245223657884,101.636936983991,97.1060265071244,100.868695808673
"187",103.749230076319,99.7114320152241,101.63600395601,97.2341851084527,100.800612330893
"188",103.825567709035,99.8580743174087,101.636486686401,97.2810516860566,100.761422072
"189",103.738977287348,99.7725052693296,101.657914413908,97.3312593427015,100.85642173368
"190",103.695075183595,99.7704602942264,101.666168888316,97.497787112135,100.89579945924
"191",103.878949547421,99.7881020997779,101.645418536278,97.6550961505281,100.872460284026
"192",103.998558194562,99.8763481498953,101.651051882303,97.758868461168,100.926435938065
"193",103.865167854741,99.9325852108494,101.655111560013,97.5334836047249,100.929128825923
"194",103.926215203648,99.8049309043388,101.68178248538,97.5420905622622,100.948839293304
"195",103.987698344897,99.8248268466172,101.701523721208,97.4153717371277,101.092851526937
"196",104.001087153298,99.9304196758064,101.726516053603,97.5201332508528,101.143043458777
"197",103.842638631633,99.9572339536922,101.751136956442,97.5140440753734,101.149791020861
"198",103.903793389752,99.9855967400002,101.737699462347,97.466364337621,101.17918290455
"199",103.767865715458,99.8884584676723,101.755628074054,97.6743723013062,101.224998022124
"200",103.646059630054,99.9402843267303,101.774872715792,97.5986574655744,101.22305565222
"201",103.823415970033,100.04140114636,101.792126019695,97.5332044948817,101.123289616402
"202",103.701199030201,100.053890224572,101.824774918682,97.4988853538973,101.107734272705
"203",103.7881935608,100.168289520351,101.772182003447,97.5158482517428,101.180832534145
"204",103.735359094504,100.176945583684,101.759134870152,97.6448313612207,101.250350004581
"205",103.863024775626,100.076666345805,101.763158629732,97.6430456116387,101.151024054415
"206",103.750303748301,100.077866283621,101.732050529847,97.4969005296781,101.103379285644
"207",103.56244404098,100.170377651108,101.70180840265,97.393787250078,101.239489909747
"208",103.769301320363,100.151832079009,101.678436852015,97.5599605706635,101.13564932627
"209",103.830575845557,100.11948827604,101.659061690303,97.4355327261169,101.07370481343
"210",103.920478004039,100.104774649998,101.637268393028,97.2338087511696,101.106975981065
"211",104.153618180119,100.220573137707,101.623459897297,97.0674112517244,101.152524886626
"212",104.001835343507,100.304079133603,101.61885632389,96.9569993775602,101.225232104083
"213",104.133797559823,100.342736397776,101.621010283925,96.9104503476294,101.262974754428
"214",104.109138313399,100.414955508644,101.648401325583,96.9883824193126,101.109990041435
"215",103.902376840705,100.432033234834,101.684756292087,96.9114513867453,101.163784230525
"216",104.034953774093,100.444046013311,101.677206670015,96.955735395854,101.194388200609
"217",104.023664165129,100.471503250423,101.712088564018,96.7869201863787,101.16168784611
"218",104.093956679692,100.571235007763,101.743807613614,96.4034314240921,101.210572889852
"219",104.271529941164,100.524812254882,101.769933750868,96.5252830448026,101.15911827492
"220",104.225205831338,100.349609620944,101.80462643711,96.5461977502158,101.106103032546
"221",104.236679270187,100.367219872562,101.802293302588,96.2752808496713,101.135534822005
"222",104.407094912415,100.457906759324,101.804435563409,96.0520514490763,101.245510607624
"223",104.395362385653,100.474945577725,101.787941377279,96.0553962997221,101.296085882588
"224",104.23003835798,100.494987438802,101.751027395427,96.15280808671,101.313767707828
"225",104.288749006624,100.512727687997,101.744958231617,96.3261127540824,101.334183634306
"226",104.389922093301,100.623907883586,101.753393623541,96.0277980673036,101.304426241504
"227",104.264858509629,100.626537412882,101.801814077941,95.9544726128606,101.155351685916
"228",104.427401197833,100.704091839917,101.805281153131,96.1306078980844,101.187262623746
"229",104.539949577801,100.81718436526,101.805562745935,96.1308126970351,101.183806530756
"230",104.416152762561,100.700807823497,101.809983218075,96.1201888735187,101.263425868497
"231",104.320064707796,100.676520715475,101.780123375123,96.0004263438668,101.351130846293
"232",104.364125707431,100.735830764566,101.811187593863,96.0908296165617,101.455876471651
"233",104.39299484488,100.776331279291,101.811141171132,96.1260618884613,101.280665443424
"234",104.543431731708,100.73704912447,101.790502670576,95.9731097573644,101.361748215697
"235",104.178553217518,100.868781874506,101.785089641584,95.9502722893914,101.331120902443
"236",104.053198722419,100.891562469241,101.760698052994,95.7955189180305,101.441542371303
"237",104.144350223977,100.900060763618,101.751348753903,95.9007276510995,101.351578726899
"238",104.133770195245,100.963609139482,101.781448887385,95.9555704250749,101.348437386498
"239",104.058031271183,101.045842428236,101.778520586272,95.8684961924521,101.462261653399
"240",103.964285113856,100.940886950109,101.813651663594,96.0242279072147,101.517693722938
"241",104.00233148242,101.006220252438,101.827795852613,96.1548822691625,101.608258987358
"242",104.006078972763,100.940666863566,101.799318883321,96.1051543894282,101.64397374975
"243",103.836996011914,100.939247791207,101.812333679977,96.2421791113054,101.602164158271
"244",103.917069910897,100.900892777753,101.793687867844,96.4189124681496,101.657440773157
"245",103.989328885617,100.844664579262,101.801874562262,96.5147238986198,101.677202217505
"246",103.912887839114,100.816936094893,101.801651884451,96.4109218961907,101.720039395363
"247",103.808032883709,100.896120611596,101.81787560925,96.4273322868871,101.688266390966
"248",103.803602362092,100.791613748763,101.802074738768,96.176588855505,101.653344007178
"249",103.672604998549,100.757578844238,101.796970995706,96.3491657651856,101.634433957644
"250",103.878643997682,100.74137117251,101.805320650693,96.5889272127392,101.670664335022
"251",103.789101107062,100.673293269215,101.821708565367,96.608948797979,101.701662176705
"252",103.846143323167,100.663602181253,101.842421986621,96.5324845306897,101.67279715553
"253",103.843302548678,100.720655145466,101.87900378798,96.4058443783655,101.610535762597
"254",103.86881697646,100.775160204613,101.879537525862,96.4214347075149,101.541799335785
"255",103.88922880135,100.834252184175,101.874871308857,96.2008962973208,101.551277249353
"256",103.851950971973,100.838201594653,101.874784466847,96.1856446346519,101.627889521626
"257",103.841708718724,100.829606986922,101.872965315655,96.1658693678438,101.682250186121
"258",104.159340978292,100.878244301753,101.862955329284,95.9551855102386,101.666790560057
"259",104.069666038896,100.877919711489,101.842475264525,96.0703636266266,101.668956674875
"260",104.070782209544,100.834664558921,101.833202577893,96.1924410115599,101.556618595468
"261",104.093305383652,100.908614043198,101.870822919076,96.3160291475323,101.569231425453
"262",103.843055164174,100.939211080134,101.833660202281,96.3659190013823,101.540330680419
"263",103.634596503502,101.000393173808,101.855901234609,96.341200856582,101.4958970354
"264",103.474805689467,100.979664438957,101.854840348127,96.2861054454241,101.351994510497
"265",103.591497871758,100.884003232984,101.861089265815,96.1657585994485,101.459019551139
"266",103.57183947332,100.966403216109,101.858805129475,96.2798782136146,101.447837859885
"267",103.612013062236,100.972237726214,101.873437390661,96.3049447940226,101.390874950422
"268",103.355376866693,100.946293344477,101.845069820507,96.3273252299727,101.30086074411
"269",103.523737566446,100.891113524095,101.875021042499,96.3887149362843,101.238710436475
"270",103.550398415328,100.894810733661,101.880102818102,96.3200257224135,101.215749990607
"271",103.507296695094,101.011149992597,101.921638487147,96.0931975586208,101.193022568915
"272",103.676277399389,101.007272645645,101.902156859375,95.7976809630583,101.098957688151
"273",103.812204658029,101.131136627783,101.902397745417,95.7378910278202,101.158034313887
"274",103.793914511927,101.218485934217,101.917321129094,95.6319295062319,101.061902865424
"275",103.886910993039,101.292572004448,101.931695789714,95.4676770420114,101.161354493635
"276",103.911724422319,101.235062057296,101.926781219074,95.4794704646475,101.038339593936
"277",104.122427946757,101.206856215399,101.897731878431,95.324270753591,101.13036902626
"278",104.281648631328,101.289369849911,101.882573170653,95.1902414511244,101.143472352731
"279",104.185886428849,101.293575606879,101.903366390436,94.9813593828116,101.073265465469
"280",104.319570535528,101.484533961912,101.920766686048,95.0026736319924,101.029592650747
"281",104.201473964702,101.443314043597,101.915286738117,95.0942939762008,101.108972896862
"282",104.340831899849,101.422414379427,101.944514867397,95.1411934864085,101.208006731051
"283",104.466504274745,101.424848946447,101.918854570232,95.1666465500903,101.121255971595
"284",104.516961254663,101.427846348734,101.945196695029,95.2070134203905,101.129819473738
"285",104.675642787219,101.502329523702,102.000831048047,95.0573008406041,101.066076031906
"286",104.72806391484,101.553939736491,101.986488782441,95.0432690164508,101.03303931987
"287",104.72164799387,101.656821935889,101.983931581596,95.0477926882987,100.954214268437
"288",104.666463926928,101.659478563564,101.990912679457,94.7505089395856,100.925057892695
"289",104.758406033604,101.629099826749,101.959044610045,94.8473270372369,100.994073078046
"290",104.609330315114,101.767035330192,101.936118338514,94.7422486173724,101.062473291444
"291",104.248240105976,101.794083959783,101.947270331993,94.5474941173575,101.111449563533
"292",104.412686458771,101.69631728786,101.947318491461,94.418258893073,101.036565814304
"293",104.467453812589,101.651468305237,101.947929465145,94.5133208516104,101.111308111612
"294",104.196061450435,101.773347072172,101.970523309176,94.3865556686306,101.078591972374
"295",104.156322836889,101.748576665113,101.943409894645,94.3299765799025,101.136369800697
"296",104.058528970214,101.617313127916,101.90737841668,94.5975786446276,101.094889105554
"297",103.888837551261,101.582954473036,101.949212753801,94.4706972146903,100.97261528056
"298",103.999169553763,101.697502150783,101.943057067754,94.2594394324589,101.033295831427
"299",103.952445470488,101.862912648517,101.936487384256,94.5777190941165,100.962750729034
"300",103.913648433868,101.920323396425,101.93694339718,94.6270600676558,100.801072096934
"301",103.990392689236,101.937312333318,101.926487491811,94.591791210377,100.813975651002
"302",103.935446441271,101.852102902953,101.97609811322,94.4962970598689,100.952360245726
"303",103.919957197188,101.669392283472,101.981678565529,94.2562401860343,100.977273078337
"304",103.854342406689,101.582241661694,101.977105147129,94.0797321132082,101.01769112006
"305",103.912963427569,101.681463323475,101.982349425407,94.1892802454252,101.055174827022
"306",103.941920623152,101.777451219264,101.95792132062,94.2274209492461,101.02252447149
"307",103.759047089834,101.805529860592,101.918896949986,94.3267298079182,101.174418931008
"308",103.877439240046,101.75346666122,101.904434568085,94.4968325765229,101.142084047163
"309",103.860692884701,101.774052040086,101.930659387316,94.6245853679881,101.080800924545
"310",104.055813175213,101.871589416597,101.934506842677,94.43038281898,100.956339864273
"311",104.09812362868,101.942054829093,101.975510321129,94.4156873997528,100.893152720393
"312",104.179724587063,101.885711574515,101.991772102677,94.4246669078125,100.829643415849
"313",104.128917415282,101.927443252518,101.971557570322,94.3547513321802,100.79929917703
"314",104.261897637845,101.938994702293,102.01456636231,94.3460904313307,100.815102572899
"315",104.111126724086,101.888584485175,101.997399484125,94.0284149540364,100.687108621913
"316",104.218677523532,101.856980155484,101.986637980424,94.0060103039028,100.648597041373
"317",104.497271640977,101.704761524276,101.975180084135,93.910982499409,100.577609406355
"318",104.307777130198,101.751897215072,101.979784155717,94.1116172658332,100.52430285114
"319",104.536801011662,101.736239281005,102.012754533039,94.1870960935857,100.477151213844
"320",104.570537005421,101.808846617258,102.038523931267,94.3539518033406,100.518384845575
"321",104.54331324449,101.791875067329,102.046473176956,94.4296326256087,100.620333943398
"322",104.505883800948,101.805189707678,102.046429508813,94.3939122862963,100.684670382581
"323",104.622148576341,101.736238316993,102.041307684679,94.3121860609832,100.719813001724
"324",104.565542446866,101.850619941209,102.025976862614,94.1607371564371,100.646448151383
"325",104.677290224227,101.90401122388,102.026009679346,94.1480856085399,100.649410443238
"326",104.504050782465,101.771692875525,102.0483990173,94.2549352474461,100.694109799466
"327",104.250771070073,101.710425145111,102.029389066368,94.2708080220662,100.691872359817
"328",104.356829874845,101.615883039201,102.069492395568,94.1424684458439,100.6350447139
"329",104.369044354415,101.530936554647,102.042947393187,94.0548944594993,100.713928761013
"330",104.383989573449,101.506701929727,102.004733410001,94.0600024870494,100.710459326046
"331",104.387663067613,101.651048960285,102.009586120533,94.0770130268841,100.747501261042
"332",104.454834880838,101.691680239803,101.995827652241,93.9996309063792,100.646113094865
"333",104.199269776458,101.642960318185,101.994230043094,93.8864473136455,100.687149135183
"334",104.353338077249,101.50373952084,101.985652949455,94.2069195492787,100.613697785786
"335",104.48014811998,101.390311960247,102.008060436904,94.1937282542683,100.55656218343
"336",104.298340707004,101.235094341261,102.006079236781,94.0413704847599,100.486372997385
"337",104.196782653857,101.19347147622,102.014441903842,93.8307838460098,100.364196425025
"338",104.066579904502,101.126096234403,102.021213112285,93.8950026702678,100.386214437764
"339",104.075294080938,101.106564694342,102.002359272584,93.7728194380864,100.399897782734
"340",104.010672276237,101.21881819232,102.022994714797,93.7109180329406,100.417521691128
"341",104.047613795714,100.99578026097,101.988528703314,93.5516466075855,100.442891862641
"342",103.974001407975,101.105550805179,101.981564955212,93.3975846267949,100.397560464534
"343",103.981797502507,101.253832471642,101.99209819572,93.011069340791,100.428847492629
"344",103.803744444365,101.221658359705,102.010888661608,92.9964231457382,100.439047381335
"345",103.928075525293,101.289417809707,101.99608854649,92.9207019634345,100.52791735958
"346",103.854237915877,101.138630190485,102.013162656004,92.9822145687062,100.631565423129
"347",103.865246248157,101.088468869455,102.000301943277,92.9988801270117,100.563282872637
"348",103.884503053318,101.124707116824,101.943827477551,93.2112913246656,100.411196313572
"349",103.930886871525,101.105666110074,101.938840123269,93.3387149270954,100.531931468977
"350",103.858020305379,101.085659390529,101.958769690649,93.2403934048969,100.546201811727
"351",103.775148840721,101.016024882485,101.968126244474,93.0487069216024,100.491805011119
"352",103.79795769046,100.952100150855,101.918261064845,93.0533983213869,100.595477832705
"353",103.705684097627,101.025792540213,101.895466865858,92.9865619939372,100.545957898733
"354",103.833595895712,101.076782088896,101.909370089452,92.8000383946621,100.569652274911
"355",103.81075879908,100.948855461785,101.924585787041,92.7992312548763,100.474979924027
"356",103.85094564528,100.829341726901,101.942253921362,93.0409621994174,100.339618718725
"357",103.688879508701,101.023110122938,101.940235898633,93.0198367057851,100.425515087689
"358",103.826076362603,100.94293542082,101.979880754564,92.9026121270229,100.472021343009
"359",103.8116184327,101.024135878185,101.961048632309,92.7975678230686,100.519233036695
"360",103.955692824602,101.080776074445,102.001346145043,92.7911934488816,100.508506550966
"361",104.043874252229,101.007589114014,102.016040028398,92.6157628745498,100.611041039421
"362",103.968067823883,100.983255601436,102.055939584914,92.5730175387713,100.573680932914
"363",104.112761054055,100.954125661876,102.027004622208,92.6639083264993,100.579109611597
"364",104.085903040571,101.032050248914,102.055721892637,92.5510912126278,100.573597833739
"365",103.930920505415,101.067741354055,102.073830170105,92.5302711402631,100.636132821333
