timestamp,AAPL,SPY,FXE,EWJ,GLD,QQQ,SHV,DBA,USO,XBI,ILF,EPP,FEZ
1704205800,184.53208923339844,465.2643432617187,98.51776123046876,62.123043060302734,190.72000122070312,399.61572265625,103.6512680053711,19.87739372253418,65.7699966430664,90.09624481201172,26.821752548217773,41.33720016479492,45.69733810424805
1704292200,183.15040588378903,461.4646911621094,98.3226089477539,61.78095245361328,189.1300048828125,395.38720703125,103.66068267822266,19.781320571899418,68.19000244140625,88.06924438476562,26.700090408325195,40.9229621887207,45.06697082519531
1704378600,180.82435607910156,459.978271484375,98.6055908203125,61.63434600830078,189.32000732421875,393.3523559570313,103.70775604248048,19.906213760375977,67.56999969482422,89.31739044189453,26.503559112548828,40.72066116333008,45.27062225341797
1704465000,180.09869384765625,460.6083068847656,98.50800323486328,62.093719482421875,189.3500061035156,393.81890869140625,103.7171630859375,19.771713256835938,69.02999877929688,89.1676254272461,26.849828720092773,40.71102523803711,45.20273971557617
1704724200,184.4525604248047,467.1838989257813,98.67385864257812,63.00269317626953,187.8699951171875,401.9583435058594,103.73597717285156,19.7044620513916,66.4000015258789,93.28150939941406,26.89661979675293,40.89406204223633,45.78462219238281
1704810600,184.0350646972656,466.4751281738281,98.4201889038086,62.62151336669922,187.92999267578125,402.75238037109375,103.74539947509766,19.838964462280273,67.38999938964844,93.46124267578124,26.41933250427246,40.470184326171875,45.28032302856445
1704897000,185.07879638671875,469.1132507324219,98.78118896484376,63.74551773071289,187.5,405.4820861816406,103.76422882080078,19.800535202026367,66.55999755859375,92.39282989501952,26.40061378479004,40.40275192260742,45.532474517822266
1704983400,184.4823760986328,468.9065551757813,98.82023620605467,64.3124008178711,187.8699951171875,406.3258056640625,103.83010864257812,19.906213760375977,67.6500015258789,90.33588409423828,26.559709548950195,40.40275192260742,45.47428131103515
1705069800,184.81039428710935,469.23138427734375,98.65437316894533,64.92815399169922,189.7100067138672,406.53424072265625,103.85833740234376,19.800535202026367,68.0199966430664,90.28595733642578,26.672014236450195,40.566524505615234,45.532474517822266
1705415400,182.5340881347656,467.5086975097656,97.97138214111328,64.44923400878906,187.91000366210935,406.4945373535156,103.85833740234376,19.944644927978516,67.25,88.927978515625,26.07306480407715,39.5164794921875,44.69843673706055
1705501800,181.5897521972656,464.9100036621094,98.0396499633789,63.64777374267578,185.83999633789065,404.2015686035156,103.87716674804688,19.800535202026367,67.94000244140625,88.20903778076172,25.84845733642578,38.98663711547851,44.41719055175781
1705588200,187.50425720214844,469.0443115234375,97.9323272705078,64.24398040771484,187.3699951171875,409.93890380859375,103.90540313720705,20.031108856201172,69.05999755859375,86.9309310913086,25.839099884033203,39.31417465209961,45.04757308959961
1705674600,190.4167633056641,474.89154052734375,98.20553588867188,64.41014099121094,187.92999267578125,418.06842041015625,103.93363189697266,20.184825897216797,68.81999969482422,86.92095184326172,25.970117568969727,39.6417121887207,45.20273971557617
1705933800,192.73284912109375,475.89556884765625,98.16650390625,65.17250061035156,187.22000122070312,418.6143493652344,103.95247650146484,20.271289825439453,69.69000244140625,88.8780517578125,25.520906448364254,39.43940734863281,45.17364883422851
1706020200,194.01513671875,477.2835388183594,97.79572296142578,64.59584045410156,187.9499969482422,420.3514404296875,103.95247650146484,20.501863479614254,69.66000366210938,89.09772491455078,25.86717414855957,39.90181350708008,45.08636093139648
1706106600,193.33920288085935,477.8052978515625,98.08845520019533,64.67402648925781,186.3999938964844,422.68402099609375,103.96188354492188,20.655580520629883,70.54000091552734,87.58995819091797,25.885892868041992,40.17155456542969,45.98828125
1706193000,193.0111846923828,480.4040222167969,97.73719024658205,64.42967987060547,187.13999938964844,423.2002258300781,104.01834869384766,20.559507369995117,72.2300033569336,88.3687973022461,26.147932052612305,40.306419372558594,46.230735778808594
1706279400,191.27162170410156,479.7937316894531,97.8640365600586,63.91167068481445,187.0099945068359,420.678955078125,104.02775573730467,20.6075439453125,73.0999984741211,88.10918426513672,26.381898880004883,40.441287994384766,46.64775085449219
1706538600,190.58575439453125,483.5934143066406,97.66889190673828,64.67402648925781,188.3300018310547,424.9869079589844,104.03718566894533,20.511470794677734,72.05000305175781,90.66539764404295,26.260236740112305,40.58578872680664,46.80292510986328
1706625000,186.91775512695312,483.2193298339844,97.78596496582033,64.43946075439453,188.58999633789065,422.1579284667969,104.0466079711914,20.81890296936035,72.80999755859375,88.63839721679688,26.166648864746097,40.306419372558594,46.899898529052734
1706711400,183.2994842529297,475.33447265625,97.4542236328125,64.71312713623047,188.4499969482422,413.8895263671875,104.0748291015625,20.780473709106445,70.91999816894531,87.3003921508789,26.04498863220215,39.9885139465332,46.40530014038086
1706797800,185.74481201171875,481.5557556152344,98.04863739013672,65.4070816040039,190.41000366210935,418.76324462890625,104.14382934570312,20.838117599487305,69.06999969482422,88.8381118774414,26.522275924682617,40.29678726196289,46.96778869628906
1706884200,184.7408447265625,486.6252746582031,97.35450744628906,65.00634765625,188.61000061035156,425.8405456542969,104.11547088623048,20.84772491455078,67.51000213623047,87.83959197998047,26.260236740112305,40.06558609008789,46.66714859008789
1707143400,186.55990600585935,484.8533630371094,96.94390869140624,64.6935806274414,187.57000732421875,425.2846984863281,104.12493133544922,20.857332229614254,68.18000030517578,88.27894592285156,26.129215240478516,39.73804473876953,46.492576599121094
1707229800,188.17025756835935,486.2610778808594,97.07098388671876,64.68380737304688,188.5500030517578,424.4310607910156,104.1532974243164,20.914976119995117,68.80999755859375,89.62694549560547,26.746883392333984,40.27752304077149,46.870811462402344
1707316200,188.27960205078125,490.3166809082031,97.21763610839844,65.05521392822266,188.5,428.7985534667969,104.17220306396484,20.99183464050293,69.41999816894531,87.939453125,26.672014236450195,40.22935104370117,46.8805046081543
1707402600,187.19610595703125,490.53326416015625,97.26651763916016,64.8890609741211,188.3300018310547,429.5926818847656,104.21945190429688,21.193584442138672,71.5199966430664,89.08773803710938,26.185365676879883,40.03668212890625,47.045372009277344
1707489000,187.9624786376953,493.36822509765625,97.34474182128906,65.1236343383789,187.6000061035156,433.8211364746094,104.22892761230467,21.270442962646484,71.66999816894531,90.90503692626952,26.260236740112305,40.24861907958984,47.38480758666992
1707748200,186.27044677734375,493.1516723632813,97.26651763916016,65.45594787597656,187.11000061035156,432.1238098144531,104.23837280273438,21.183977127075195,72.11000061035156,92.96198272705078,26.43804931640625,40.35458755493164,47.37510681152344
1707834600,184.1703643798828,486.3594665527344,96.67015838623048,65.23114013671875,184.52999877929688,425.3839111328125,104.21945190429688,21.12633514404297,72.6500015258789,88.58848571777344,25.87653160095215,39.32380676269531,46.444095611572266
1707921000,183.2845458984375,490.7793273925781,96.85589599609376,65.48526763916016,184.4199981689453,430.01947021484375,104.2572784423828,21.030261993408203,71.55000305175781,91.00489044189452,26.185365676879883,39.94034576416016,47.07447052001953
1708007400,182.9959259033203,494.1655578613281,97.23719787597656,66.11080169677734,185.66000366210935,431.2998962402344,104.3139877319336,20.94379615783691,72.83999633789062,93.13172912597656,26.409971237182617,40.51835632324219,47.636959075927734
1708093800,181.4532165527344,491.7046203613281,97.3056182861328,66.10102081298828,186.33999633789065,427.3890380859375,104.3139877319336,20.838117599487305,73.41000366210938,93.01190948486328,26.55035400390625,40.65322494506836,47.5302734375
1708439400,180.7067108154297,488.99761962890625,97.61847686767578,66.39424133300781,187.47000122070312,424.1630554199219,104.3329086303711,21.135942459106445,72.41999816894531,92.2430419921875,26.737524032592773,40.59542465209961,47.84061813354492
1708525800,181.4631805419922,489.4405517578125,97.70648956298828,66.25741577148438,187.47999572753903,422.4656677246094,104.34234619140624,21.28005027770996,73.19999694824219,92.33292388916016,26.71880531311035,40.63395690917969,48.15095138549805
1708612200,183.50352478027344,499.56976318359375,97.75535583496094,67.34231567382812,187.55999755859375,434.8336486816406,104.3801498413086,21.222408294677734,73.5999984741211,94.01043701171876,26.634578704833984,40.93259811401367,48.91709899902344
1708698600,181.66221618652344,499.914306640625,97.75535583496094,67.4498291015625,188.6199951171875,433.55316162109375,104.3990707397461,21.28965759277344,71.91999816894531,94.60953521728516,26.353822708129883,40.9229621887207,48.946197509765625
1708957800,180.30860900878903,498.0833740234375,98.0290756225586,67.44004821777344,188.1999969482422,433.3248291015625,104.3990707397461,21.50101661682129,72.79000091552734,97.19569396972656,26.409971237182617,40.75919723510742,49.00438690185547
1709044200,181.77169799804688,499.0086364746094,97.989990234375,67.6159896850586,188.0,434.3670959472656,104.41796875,21.55866241455078,73.8499984741211,102.73747253417967,26.877901077270508,40.93259811401367,49.23713684082031
1709130600,180.5673828125,498.3491516113281,97.94109344482422,67.11751556396484,188.33999633789065,432.0542907714844,104.42743682861328,21.29926490783691,73.62000274658203,101.37948608398438,26.381898880004883,40.441287994384766,49.13045883178711
1709217000,179.9005584716797,500.1407165527344,97.62825775146484,67.5573501586914,189.30999755859375,435.7567443847656,104.48414611816406,21.30887222290039,73.36000061035156,98.27409362792967,26.288312911987305,40.64358901977539,49.17894744873047
1709303400,178.81565856933594,504.836181640625,97.95637512207033,68.73998260498047,192.88999938964844,442.3179016113281,104.51071166992188,21.328088760375977,74.95999908447266,101.37948608398438,26.46612548828125,41.01929473876953,49.3729133605957
1709562600,174.277099609375,504.2947387695313,98.15227508544922,68.3392562866211,196.0099945068359,440.7396545410156,104.52021026611328,21.568269729614254,74.01000213623047,100.58067321777344,26.325746536254883,40.797725677490234,49.528079986572266
1709649000,169.3204803466797,499.2547607421875,98.17185974121094,68.7106704711914,197.19000244140625,432.8285217285156,104.53919982910156,21.3184814453125,73.44999694824219,99.31256103515624,26.185365676879883,40.57615661621094,49.19834899902344
1709735400,168.3251953125,501.78460693359375,98.55386352539062,69.75647735595703,198.80999755859375,435.54833984375,104.55818176269533,21.472196578979492,74.33999633789062,99.97158813476562,26.43804931640625,41.240867614746094,49.79962921142578
1709821800,168.20574951171875,506.7655334472656,99.00439453125,69.72714233398438,199.94000244140625,442.1591491699219,104.5961456298828,21.568269729614254,74.2300033569336,98.6435546875,26.46612548828125,41.75143814086914,50.65305709838867
1709908200,169.9276123046875,503.7238464355469,98.916259765625,69.57077026367188,201.6300048828125,435.7765808105469,104.60562896728516,21.549055099487305,73.36000061035156,98.80331420898438,25.913969039916992,41.76107025146485,50.18755340576172
1710163800,171.93812561035156,503.2907104492187,98.81830596923828,68.0264892578125,202.0,434.15869140625,104.6151351928711,21.846878051757812,73.62000274658203,96.68646240234376,25.942041397094727,41.51060485839844,50.080867767333984
1710250200,172.41587829589844,508.7048645019531,98.81830596923828,68.39790344238281,199.7899932861328,440.38232421875,104.63410949707033,22.09666633605957,73.3499984741211,96.05738067626952,26.101139068603516,41.635841369628906,50.66275787353515
1710336600,170.3257598876953,507.9073486328125,99.01419067382812,67.80169677734375,201.19000244140625,436.9975280761719,104.6436004638672,22.058237075805664,75.08999633789062,96.95606231689452,26.372539520263672,41.924842834472656,50.866416931152344
1710423000,172.18695068359375,506.90338134765625,98.53425598144533,67.49869537353516,200.3500061035156,435.895751953125,104.69107055664062,22.18313217163086,76.30000305175781,94.30998992919922,26.288312911987305,41.20233154296875,50.46879196166992
1710509400,171.80873107910156,503.4226684570313,98.50487518310548,67.99716186523438,199.7100067138672,430.71429443359375,104.71004486083984,22.663494110107425,76.33000183105469,94.56959533691406,26.138574600219727,41.00966262817383,50.5463752746582
1710768600,172.90357971191406,506.41461181640625,98.34815979003906,69.05274963378906,200.02999877929688,434.82220458984375,104.7195281982422,22.788387298583984,77.9800033569336,92.8122100830078,26.129215240478516,40.96149444580078,50.28306198120117
1710855000,175.2524871826172,509.2287902832031,98.29920959472656,69.31664276123047,199.8000030517578,435.9055480957031,104.72901153564452,22.625064849853516,78.43000030517578,93.71087646484376,25.95140266418457,40.93259811401367,50.40938186645508
1710941400,177.830322265625,513.9388427734375,98.83790588378906,69.85420989990234,202.17999267578125,441.0740051269531,104.75750732421876,22.855640411376953,77.25,95.01893615722656,26.653295516967773,41.29866790771485,51.10896682739258
1711027800,170.5646209716797,515.63720703125,98.2502212524414,70.20606994628906,201.97000122070312,443.1612243652344,104.79547882080078,22.980533599853516,76.81999969482422,95.05886840820312,26.48484230041504,41.32756805419922,50.875770568847656
1711114200,171.47035217285156,514.65966796875,97.80946350097656,70.19630432128906,200.3500061035156,443.6681213378906,104.82393646240234,23.134248733520508,76.68000030517578,93.42129516601562,26.260236740112305,40.95185852050781,50.613426208496094
1711373400,170.04708862304688,513.23779296875,98.11309051513672,69.38506317138672,200.9900054931641,442.0579528808594,104.82393646240234,23.67225456237793,77.76000213623047,92.53262329101562,26.288312911987305,41.07709884643555,50.768890380859375
1711459800,168.91241455078125,512.2898559570312,98.01512908935548,69.68805694580078,201.63999938964844,440.6266784667969,104.8429183959961,23.556968688964844,77.29000091552734,92.55259704589844,26.372539520263672,40.96149444580078,50.875770568847656
1711546200,172.49551391601562,516.5950317382812,97.99555206298828,69.99105072021484,203.1000061035156,442.1275329589844,104.90935516357422,23.70107650756836,77.51000213623047,94.7693099975586,26.522275924682617,41.39500045776367,51.2935791015625
1711632600,170.67408752441406,516.496337890625,97.66253662109376,69.73692321777344,205.72000122070312,441.3125305175781,104.91886138916016,23.78754234313965,78.7300033569336,94.74933624267578,26.615863800048828,41.240867614746094,51.06038665771485
1711978200,169.2309112548828,515.59765625,97.26703643798828,68.69111633300781,207.82000732421875,442.2467956542969,104.93029022216795,24.08536720275879,79.66999816894531,93.71087646484376,26.27895164489746,41.18306350708008,51.17698287963867
1712064600,168.0465087890625,512.3194580078125,97.5221939086914,68.3392562866211,210.88999938964844,438.43011474609375,104.9398193359375,23.78754234313965,80.79000091552734,90.54557800292967,26.46612548828125,41.2504997253418,50.593990325927734
1712151000,168.8527069091797,512.8822631835938,98.16009521484376,68.80840301513672,212.7400054931641,439.4141540527344,104.94937133789062,23.729900360107425,81.25,90.90503692626952,26.494199752807617,41.22159957885742,51.02151870727539
1712237400,168.026611328125,506.6219787597656,98.16991424560548,68.09490966796875,211.52000427246097,432.6951904296875,105.01609802246094,23.82596969604492,82.2699966430664,89.35733795166016,26.41933250427246,41.00966262817383,50.42881393432617
1712323800,168.7830352783203,511.9146423339844,98.16009521484376,68.29039001464844,215.13999938964844,437.7940368652344,105.0256118774414,24.094974517822266,82.4000015258789,90.04631805419922,26.45676612854004,41.260135650634766,50.50653839111328
1712583000,167.65835571289062,512.200927734375,98.3759994506836,68.63247680664062,216.47999572753903,437.92327880859375,105.03515625,23.902828216552734,82.19999694824219,90.2659912109375,26.877901077270508,41.3853645324707,50.83690643310547
1712669400,168.8726043701172,512.7933959960938,98.3759994506836,68.8865966796875,217.6699981689453,439.5433349609375,105.04468536376952,24.05654525756836,81.1500015258789,91.50415802001952,27.02763938903809,41.65510559082031,50.53569030761719
1712755800,166.99148559570312,507.65875244140625,97.36518096923828,67.81145477294922,215.61000061035156,435.706787109375,105.03515625,24.26790428161621,82.08999633789062,89.816650390625,26.44740867614746,40.855525970458984,49.9138298034668
1712842200,174.21737670898438,511.489990234375,97.19832611083984,68.40766906738281,219.8000030517578,442.6642456054687,105.08283233642578,24.210262298583984,81.55000305175781,91.14468383789062,26.40061378479004,41.00966262817383,49.89440155029297
1712928600,175.72027587890625,504.4298400878906,96.40338897705078,67.49869537353516,216.88999938964844,435.6073913574219,105.09236145019533,24.431228637695312,81.52999877929688,88.01933288574219,25.87653160095215,40.11375045776367,48.835296630859375
1713187800,171.87841796875,498.11029052734375,96.3150634765625,67.21524810791016,220.9499969482422,428.4411926269531,105.10189056396484,24.65219497680664,81.6500015258789,86.22198486328125,25.492830276489254,39.7573127746582,48.864444732666016
1713274200,168.583984375,497.201904296875,96.27580261230467,66.2769546508789,221.22000122070312,428.48095703125,105.1114273071289,24.08536720275879,81.33000183105469,85.48309326171875,24.98746681213379,39.05406951904297,48.71869659423828
1713360600,167.21046447753906,494.2593078613281,96.74687957763672,65.57323455810547,219.58999633789065,423.25286865234375,105.1304931640625,24.41201400756836,78.91000366210938,84.5245132446289,25.090410232543945,39.42013931274414,48.786712646484375
1713447000,166.2549591064453,493.2422180175781,96.51133728027344,65.37775421142578,220.33999633789065,420.8376770019531,105.17815399169922,24.911590576171875,78.77999877929688,83.35625457763672,25.034257888793945,39.25637435913086,48.757568359375
1713533400,164.2245635986328,488.93701171875,96.58985137939452,64.9867935180664,221.02999877929688,412.130859375,105.19721221923828,25.46881103515625,78.8499984741211,82.70721435546875,25.3337345123291,39.30453872680664,48.69926452636719
1713792600,165.06060791015625,493.4397583007813,96.58985137939452,65.65142822265625,215.57000732421875,416.2755432128906,105.20675659179688,25.161378860473633,78.77999877929688,83.62584686279297,25.548980712890625,39.90181350708008,49.233673095703125
1713879000,166.11561584472656,499.2952270507813,97.05110931396484,65.79803466796875,215.0399932861328,422.4875793457031,105.225830078125,24.930805206298828,79.9800033569336,84.56446075439453,25.726795196533203,40.35458755493164,50.12759780883789
1713965400,168.22567749023438,499.0582275390625,97.0413055419922,66.08148193359375,214.63999938964844,423.9188537597656,105.24488067626952,25.49763298034668,79.63999938964844,83.8155746459961,25.558340072631836,40.325687408447266,49.9138298034668
1714051800,169.09156799316406,497.162353515625,97.30628204345705,65.05521392822266,215.9199981689453,421.8713684082031,105.27349090576172,25.14216423034668,80.44000244140625,82.0981216430664,25.502187728881836,40.27752304077149,49.670921325683594
1714138200,168.5043487548828,501.8724365234375,97.06092834472656,65.6123275756836,216.6199951171875,428.3815612792969,105.29255676269533,25.017271041870117,80.38999938964844,83.3662338256836,25.97947883605957,40.556888580322266,50.20532989501953
1714397400,172.68460083007812,503.6498107910156,97.26703643798828,66.20854187011719,216.17999267578125,430.1209411621094,105.30207824707033,24.11418914794922,79.5,85.39322662353516,26.222801208496097,40.99039459228515,50.04986572265625
1714483800,169.52951049804688,495.67132568359375,96.80577087402344,65.74916076660156,211.8699951171875,422.010498046875,105.3116226196289,23.67225456237793,78.37999725341797,84.49455261230469,25.623849868774418,40.15228271484375,49.0684928894043
1714570200,168.5043487548828,494.0618286132813,96.99160766601562,65.59278869628906,213.7899932861328,418.9591064453125,105.34416198730467,22.903675079345703,75.93000030517578,87.2005386352539,25.689361572265625,40.24861907958984,48.91303253173828
1714656600,172.21682739257812,498.6829833984375,97.325927734375,66.92203521728516,213.1300048828125,424.3064575195313,105.39203643798828,22.528993606567383,75.93000030517578,88.20903778076172,26.054346084594727,41.173431396484375,49.30169677734375
1714743000,182.5181884765625,504.8643493652344,97.67008209228516,67.69417572021484,212.9600067138672,432.8343505859375,105.4111785888672,23.0285701751709,75.12999725341797,89.84661865234375,26.44740867614746,41.65510559082031,49.76808166503906
1715002200,180.8560485839844,510.0780029296875,97.70940399169922,68.09490966796875,215.1999969482422,437.5753784179687,105.42074584960938,22.846033096313477,75.66000366210938,90.44572448730467,26.634578704833984,42.02117538452149,50.253910064697266
1715088600,181.54278564453125,510.6408386230469,97.60124206542967,67.35209655761719,214.2100067138672,437.6449279785156,105.4303207397461,23.53775405883789,75.5,90.29595184326172,26.774959564208984,42.17531204223633,50.623138427734375
1715175000,181.88119506835935,510.690185546875,97.53243255615234,66.50176239013672,213.5800018310547,437.3865356445313,105.44947814941406,23.470502853393555,76.11000061035156,88.9779052734375,26.765600204467773,41.88631057739258,50.875770568847656
1715261400,183.70260620117188,513.6327514648438,97.86672973632812,66.79497528076172,216.9499969482422,438.3406677246094,105.48776245117188,23.441680908203125,76.5199966430664,88.84809875488281,26.709449768066406,42.098243713378906,51.371315002441406
1715347800,182.4368438720703,514.2943725585938,97.79790496826172,66.41378784179688,218.7100067138672,439.3743896484375,105.50690460205078,23.70107650756836,75.30000305175781,88.00933837890625,26.606504440307617,42.22348403930664,51.55592727661133
1715607000,185.656005859375,514.3633422851562,97.96505737304688,66.14989471435547,216.2599945068359,440.3881530761719,105.52605438232422,22.548206329345703,76.12999725341797,89.74675750732422,26.634578704833984,42.406517028808594,51.60451126098633
1715693400,186.8021697998047,516.7233276367188,98.20104217529295,66.66791534423828,218.08999633789065,443.2208862304687,105.53563690185548,22.769174575805664,75.20999908447266,90.64541625976562,26.662656784057617,42.55101776123047,51.93487548828125
1715779800,189.08450317382812,523.1219482421875,98.81069946289062,67.41073608398438,220.88999938964844,450.14849853515625,105.56434631347656,22.92289161682129,75.87999725341797,92.47270965576172,26.615863800048828,43.06159210205078,52.39154815673828
1715866200,189.2041015625,522.045654296875,98.6828842163086,66.72655487060547,220.02999877929688,449.2341003417969,105.59307861328124,22.57703018188477,76.25,92.45274353027344,26.51291847229004,43.29279327392578,51.85714340209961
1715952600,189.23399353027344,522.7960815429688,98.75170135498048,67.17616271972656,223.66000366210935,449.0154418945313,105.61221313476562,22.567420959472656,76.97000122070312,91.04483795166016,26.662656784057617,43.6010627746582,52.002891540527344
1716211800,190.40008544921875,523.3983764648438,98.6238784790039,67.65508270263672,224.55999755859375,452.1463317871094,105.63135528564452,22.80760383605957,76.7300033569336,92.13320922851562,26.643938064575195,43.34096145629883,51.93487548828125
1716298200,191.70570373535156,524.6820678710938,98.6140365600586,67.26412200927734,224.22999572753903,453.0308532714844,105.64093017578124,23.066999435424805,76.16000366210938,91.43425750732422,26.51291847229004,43.2349967956543,51.8765754699707
1716384600,190.2605438232422,523.17138671875,98.27970886230467,66.48220825195312,220.11000061035156,452.9414367675781,105.66009521484376,23.16307258605957,74.87000274658203,92.03336334228516,26.01691246032715,42.541385650634766,51.40046310424805
1716471000,186.25401306152344,519.3499755859375,98.21087646484376,66.18899536132812,215.72000122070312,450.9039001464844,105.717529296875,23.662647247314453,74.44999694824219,89.1875991821289,25.79230499267578,42.22348403930664,51.20613479614258
1716557400,189.3436279296875,522.7862548828125,98.58454132080078,66.91226196289062,215.9199981689453,455.1678771972656,105.7270965576172,23.70107650756836,75.3499984741211,88.69832611083984,25.726795196533203,42.464317321777344,51.69195556640625
1716903000,189.3535919189453,523.151611328125,98.69269561767578,67.29344177246094,218.19000244140625,456.8873291015625,105.717529296875,24.219867706298828,77.66000366210938,88.99787139892578,25.820383071899418,42.406517028808594,51.7308235168457
1716989400,189.652587890625,519.4882202148438,98.1518783569336,65.94464874267578,216.16000366210935,453.6669921875,105.7270965576172,24.46004867553711,76.56999969482422,87.35032653808594,25.352453231811523,41.732173919677734,50.798038482666016
1717075800,190.6492462158203,516.0419921875,98.4173812866211,66.52130126953125,216.57000732421875,448.80670166015625,105.75582122802734,24.32554817199707,75.52999877929688,88.82811737060547,25.436677932739254,42.01154327392578,51.16727066040039
1717162200,191.60601806640625,520.7422485351562,98.6140365600586,67.41073608398438,215.3000030517578,447.9718017578125,105.79409790039062,24.143009185791016,74.81999969482422,88.99787139892578,25.32437515258789,42.25238037109375,51.42961502075195
1717421400,193.38006591796875,521.1668090820312,99.07611083984376,67.83100891113281,217.22000122070312,450.3771362304687,105.81526184082033,24.248689651489254,71.83000183105469,91.28447723388672,24.594404220581055,42.44504928588867,51.58507537841797
1717507800,193.6989898681641,521.7494506835938,98.91847229003906,67.90921020507812,215.27000427246097,451.6095886230469,105.83448791503906,24.19104766845703,71.08999633789062,91.03485107421876,24.41659164428711,42.290916442871094,51.20613479614258
1717594200,195.21389770507812,527.9505004882812,98.82980346679688,67.7137222290039,217.82000732421875,460.71392822265625,105.8441162109375,24.229475021362305,71.88999938964844,93.98048400878906,24.650556564331055,42.714786529541016,52.05146789550781
1717680600,193.8285675048828,527.9406127929688,98.97759246826172,67.67462921142578,219.42999267578125,460.5549011230469,105.87294006347656,24.52730178833008,73.26000213623047,92.68241119384766,24.84708595275879,42.87855529785156,52.29438400268555
1717767000,196.23046875,527.298828125,98.2189483642578,67.17616271972656,211.6000061035156,460.14739990234375,105.90177917480467,24.373584747314453,73.0199966430664,91.25452423095705,23.995452880859375,42.21384811401367,51.55592727661133
1718026200,192.4730987548828,528.9280395507812,97.8938217163086,67.7723617553711,213.5399932861328,462.0060119628906,105.92101287841795,23.91243553161621,75.45999908447266,91.85363006591795,23.95802116394043,42.32944869995117,51.22557067871094
1718112600,206.45611572265625,530.2018432617188,97.69677734375,67.01322174072266,214.1499938964844,465.1766357421875,105.93064880371094,24.277511596679688,75.51000213623047,92.32292938232422,23.806228637695312,41.85073471069336,50.58427429199219
1718199000,212.35630798339844,534.5564575195312,98.28791809082033,67.33815002441406,214.72000122070312,471.2693786621094,105.96910095214844,24.738658905029297,75.9800033569336,93.68091583251952,23.441160202026367,42.33042907714844,51.50734329223633
1718285400,213.5223693847656,535.6327514648438,97.70661926269533,66.11722564697266,212.97000122070312,473.82379150390625,105.9787139892578,24.834732055664062,75.73999786376953,93.68091583251952,23.441160202026367,42.12484359741211,50.351078033447266
1718371800,211.7782287597656,535.9586181640625,97.40119171142578,66.09752655029297,215.72999572753903,476.2787780761719,106.02677154541016,24.604158401489254,76.08000183105469,91.61398315429688,23.33548355102539,41.82136917114258,49.02962875366211
1718631000,215.94422912597656,540.2242431640625,97.64749908447266,65.58552551269531,214.61000061035156,482.1131286621094,106.03639221191406,24.248689651489254,77.79000091552734,90.45570373535156,23.33548355102539,42.00736999511719,49.77780532836914
1718717400,213.5721893310547,541.5968627929688,97.71649169921876,65.634765625,215.47000122070312,482.26220703125,106.06524658203124,24.296728134155273,78.66999816894531,89.56702423095703,23.50840950012207,42.35979843139648,49.93326568603515
1718890200,208.9776306152344,540.1255493164062,97.42089080810548,65.45753479003906,218.16000366210935,478.54498291015625,106.0844497680664,23.845186233520508,79.41000366210938,89.75674438476562,23.68133544921875,42.310848236083984,50.04986572265625
1718976600,206.79498291015625,539.4014892578125,97.31253051757812,64.99475860595703,214.77999877929688,477.2627868652344,106.13253021240234,23.62421989440918,78.6500015258789,92.2430419921875,23.796621322631836,42.14442443847656,49.62233352661133
1719235800,207.44281005859375,537.64794921875,97.72633361816406,65.48706817626953,215.6300048828125,471.8293151855469,106.14215087890624,23.30718040466309,79.69999694824219,93.71770477294922,23.96954917907715,42.2912712097168,50.08287048339844
1719322200,208.36968994140625,539.7184448242188,97.54898071289062,66.52091217041016,214.55999755859375,477.2249450683594,106.16136932373048,23.01896095275879,78.9000015258789,93.057861328125,23.873477935791016,42.25210952758789,50.1225700378418
1719408600,212.5356903076172,540.3920288085938,97.2139892578125,66.2747573852539,212.5800018310547,478.21051025390625,106.16136932373048,22.97092628479004,78.75,92.16807556152344,23.748584747314453,41.87031555175781,49.71563720703125
1719495000,213.3828582763672,541.2439575195312,97.42089080810548,66.60953521728516,214.9900054931641,479.4449157714844,106.19022369384766,22.711530685424805,79.91999816894531,92.83790588378906,23.83504867553711,42.09547805786133,49.725555419921875
1719581400,209.9144744873047,539.1141357421875,97.49972534179688,67.19046020507812,215.0099945068359,476.9561462402344,106.23828125,22.865245819091797,79.58999633789062,92.68795013427734,23.78701400756836,42.09547805786133,49.65608215332031
1719840600,216.02395629882812,540.2236328125,97.78498077392578,66.74738311767578,215.57000732421875,479.7535400390625,106.25373840332033,22.692317962646484,81.54000091552734,93.01787567138672,23.671728134155273,41.929054260253906,50.21189498901367
1719927000,219.53216552734375,543.8591918945312,97.8441925048828,67.8009262084961,215.55999755859375,484.7908020019531,106.2730484008789,23.0285701751709,81.11000061035156,91.33827209472656,23.66212272644043,42.11505508422851,49.98361587524414
1720013400,220.80789184570312,546.2861938476562,98.3179702758789,68.42123413085938,217.9900054931641,488.8325500488281,106.3020248413086,23.08621406555176,81.2699966430664,90.848388671875,24.1809024810791,42.761173248291016,50.837188720703125
1720186200,225.5818328857422,549.4364013671875,98.75227355957033,68.88400268554688,220.92999267578125,493.9295349121094,106.34063720703124,23.23992919921875,81.30999755859375,91.68817901611328,24.392255783081055,42.85906600952149,51.184574127197266
1720445400,227.056884765625,550.0703735351562,98.6042022705078,68.54924011230469,218.19000244140625,495.1041870117187,106.36959838867188,23.066999435424805,80.41999816894531,93.20783233642578,24.50754165649414,42.51642990112305,50.886817932128906
1720531800,227.9139862060547,550.6053466796875,98.53511810302734,68.92339324951172,218.55999755859375,495.5322570800781,106.36959838867188,23.40325355529785,79.7699966430664,94.3475570678711,24.83418083190918,42.68285369873047,50.24167251586914
1720618200,232.19960021972656,556.0537109375,98.67330169677734,70.18370056152344,219.36000061035156,500.6989440917969,106.37925720214844,23.115034103393555,80.4800033569336,95.45729064941406,25.10317611694336,43.28981399536133,50.966217041015625
1720704600,226.80772399902344,551.2590942382812,98.9792709350586,69.91785430908203,223.25,489.7185363769531,106.40821075439452,23.528146743774418,80.94000244140625,97.93669128417967,25.199247360229492,43.58350372314453,51.095245361328125
1720791000,229.76776123046875,554.7361450195312,99.3642120361328,70.3018569946289,223.11000061035156,492.5955505371094,106.46614837646484,23.422466278076172,80.25,98.93646240234376,25.468244552612305,44.190460205078125,51.92897033691406
1721050200,233.6148376464844,556.26171875,99.35435485839844,69.96708679199219,223.8300018310547,493.9195556640625,106.48546600341795,23.287965774536133,80.12000274658203,99.8762435913086,25.324140548706055,43.89677047729492,51.26397705078125
1721136600,234.0334320068359,559.5604858398438,99.37409973144533,70.7941665649414,228.2899932861328,494.1087036132813,106.4951171875,22.96131896972656,79.05999755859375,101.82577514648438,25.44902992248535,43.96529769897461,51.23419952392578
1721223000,228.1133270263672,551.71484375,99.70968627929688,70.38063049316406,227.22999572753903,479.6042175292969,106.50476837158205,22.96131896972656,80.62000274658203,99.77626037597656,25.16082000732422,43.65203094482422,50.54935836791992
1721309400,223.4290771484375,547.4749145507812,99.32474517822266,69.3172378540039,225.77999877929688,477.3344421386719,106.52408599853516,23.009355545043945,79.9000015258789,97.51679229736328,24.50754165649414,43.17233657836914,50.16227340698242
1721395800,223.55862426757812,543.83935546875,99.19642639160156,68.88400268554688,221.72999572753903,473.103515625,106.58201599121094,22.711530685424805,78.0,97.48680114746094,24.53636360168457,42.947174072265625,49.68585968017578
1721655000,223.20980834960935,549.4462890625,99.26551055908205,69.21878051757812,221.8000030517578,480.1517333984375,106.5916748046875,23.31678771972656,77.62000274658203,98.86647033691406,24.622825622558594,43.10380935668945,50.66845703125
1721741400,224.25628662109375,548.58447265625,98.9792709350586,69.15969848632812,222.5800018310547,478.4593811035156,106.6109848022461,23.31678771972656,76.62000274658203,99.73627471923828,24.33461570739746,42.868858337402344,50.33100128173828
1721827800,217.80796813964844,536.1521606445312,98.85095977783205,67.8009262084961,221.8000030517578,461.296875,106.62062072753906,23.143857955932617,76.80999755859375,99.01644134521484,23.979154586791992,42.17379379272461,49.56675338745117
1721914200,216.7614898681641,533.3585815429688,98.98915100097656,66.73753356933594,218.3300018310547,456.2098388671875,106.63029479980467,22.990140914916992,77.45999908447266,100.95597839355467,23.796621322631836,41.997581481933594,49.35832595825195
1722000600,217.2299041748047,539.3320922851562,99.0187530517578,67.63353729248047,220.6300048828125,460.88873291015625,106.68822479248048,22.96131896972656,76.11000061035156,101.5158462524414,23.92151260375977,42.487064361572266,50.07294464111328
1722259800,217.50897216796875,539.6490478515625,98.73251342773438,67.79107666015625,220.32000732421875,461.81451416015625,106.70752716064452,22.701923370361328,75.19000244140625,100.24614715576172,23.767799377441406,42.310848236083984,49.417877197265625
1722346200,218.0670928955078,536.9149780273438,98.6042022705078,67.87969207763672,222.52000427246097,455.47320556640625,106.71717834472656,22.894067764282227,74.45999908447266,98.96644592285156,23.623695373535156,42.45769119262695,49.55683135986328
1722432600,221.3361053466797,545.642333984375,98.72264099121094,69.87847137451172,226.5500030517578,468.9523010253906,106.72683715820312,22.80760383605957,77.73999786376953,99.03643798828124,23.825441360473633,42.90802001953125,49.93399429321289
1722519000,217.62857055664065,537.9154663085938,98.427001953125,66.51107788085938,225.77000427246097,457.5935974121094,106.75399780273438,22.34645652770996,76.29000091552734,98.6465301513672,23.32587623596191,42.13463592529297,48.56430435180664
1722605400,219.12355041503903,527.9003295898438,99.57402801513672,63.65567398071289,225.33999633789065,446.732666015625,106.8509750366211,22.37527847290039,73.38999938964844,96.44705200195312,22.903167724609375,41.5864143371582,48.087894439697266
1722864600,208.5690155029297,512.5260009765625,99.9992218017578,62.454437255859375,222.47999572753903,433.4128112792969,106.8509750366211,22.615459442138672,73.22000122070312,93.40777587890624,22.480457305908203,40.43123626708984,47.36334991455078
1722951000,206.53585815429688,517.2511596679688,99.74213409423828,62.14920425415039,220.6999969482422,437.5541076660156,106.8509750366211,22.788387298583984,72.44999694824219,94.41754150390624,22.9896297454834,40.80324172973633,47.383201599121094
1723037400,209.1171875,513.7939453125,99.71245574951172,63.18305587768555,220.5500030517578,432.8154602050781,106.87035369873048,23.12464141845703,74.69000244140625,92.3380355834961,23.306663513183594,40.832611083984375,47.62140274047851
1723123800,212.5954742431641,525.6715087890625,99.64322662353516,64.52214050292969,224.0099945068359,446.05572509765625,106.88005065917967,22.846033096313477,75.36000061035156,94.97740173339844,23.796621322631836,41.76262664794922,48.39557266235352
1723210200,215.51568603515625,527.989501953125,99.66302490234376,64.3646011352539,224.55999755859375,448.3851623535156,106.9188461303711,23.259143829345703,76.22000122070312,95.51727294921876,24.26736640930176,41.95842361450195,48.484901428222656
1723469400,217.0522918701172,528.2669067382812,99.80145263671876,64.71906280517578,228.41000366210935,449.350830078125,106.94794464111328,23.038177490234375,78.62999725341797,95.7872085571289,24.373043060302734,41.880104064941406,48.30624771118164
1723555800,220.78407287597656,536.95458984375,100.41452026367188,66.57015228271484,228.05999755859375,460.5004577636719,106.97704315185548,22.817211151123047,77.63999938964844,96.92694091796876,24.699682235717773,42.60453796386719,49.0903434753418
1723642200,221.23309326171875,538.6485595703125,100.59252166748048,66.66860961914062,226.1999969482422,460.6498107910156,106.97704315185548,22.826818466186523,76.58999633789062,96.067138671875,24.824573516845703,42.34021759033203,49.43772888183594
1723728600,224.22650146484375,547.881103515625,100.19698333740234,67.94861602783203,226.91000366210935,472.2872314453125,106.98673248291016,22.80760383605957,77.41000366210938,97.68675231933594,25.199247360229492,42.761173248291016,50.22182083129883
1723815000,225.5535888671875,549.1094360351562,100.69139099121094,68.30308532714844,231.9900054931641,472.8945007324219,107.03524017333984,22.91328239440918,76.31999969482422,97.74674224853516,25.276103973388672,43.17233657836914,50.61883163452149
1724074200,225.39393615722656,554.3597412109375,101.25502014160156,69.2778549194336,231.61000061035156,479.1064453125,107.04491424560548,23.32639503479004,74.37999725341797,100.82600402832033,25.650779724121097,43.85761260986328,51.2838249206543
1724160600,226.0125732421875,553.4583129882812,101.5912094116211,68.94307708740234,232.4600067138672,478.1009826660156,107.0740203857422,23.499324798583984,73.83000183105469,100.80602264404295,25.343353271484375,43.544342041015625,51.273902893066406
1724247000,225.90280151367188,555.3602905273438,101.85820770263672,69.7406234741211,232.1499938964844,480.3309020996094,107.0934066772461,23.50893211364746,72.5999984741211,101.79578399658205,25.295318603515625,43.916351318359375,51.78009033203125
1724333400,224.03692626953125,551.0015258789062,101.44288635253906,69.22862243652344,229.3699951171875,472.7153015136719,107.11280059814452,23.518539428710938,73.58000183105469,100.11618041992188,24.766931533813477,43.58350372314453,51.30367660522461
1724419800,226.3418426513672,556.8560791015625,102.25373840332033,70.8237075805664,232.02000427246097,477.8421630859375,107.16131591796876,23.710683822631836,75.55000305175781,101.48585510253906,25.25689125061035,44.60162734985352,52.14732360839844
1724679000,226.68109130859375,555.5286254882812,101.95706939697266,69.93754577636719,232.7599945068359,473.203125,107.1709976196289,23.989294052124023,77.83000183105469,101.6758041381836,25.391387939453125,44.552677154541016,51.899192810058594
1724765400,227.5292205810547,556.2914428710938,102.21417236328124,70.62678527832031,233.38999938964844,474.61676025390625,107.19039154052734,24.037330627441406,76.48999786376953,101.04595947265624,25.199247360229492,44.552677154541016,52.04806900024414
1724851800,225.99261474609375,553.0620727539062,101.5516586303711,70.32154846191406,231.75,469.2310485839844,107.20979309082033,23.95086669921875,75.4800033569336,100.51608276367188,25.01671600341797,44.425411224365234,51.85948944091797
1724938200,229.28536987304688,553.1115112304688,101.20557403564452,70.43970489501953,232.9499969482422,468.5441589355469,107.21947479248048,23.89322280883789,76.7699966430664,100.88600158691406,24.786144256591797,44.82678985595703,51.998443603515625
1725024600,228.49710083007812,558.3916015625,101.04737091064452,70.86309051513672,231.2899932861328,474.12890625,107.25827026367188,23.902828216552734,74.33999633789062,101.23590850830078,24.91103744506836,44.64078140258789,52.13739776611328
1725370200,222.28077697753903,546.900390625,100.96316528320312,69.79969787597656,230.2899932861328,459.73394775390625,107.29237365722656,23.710683822631836,71.08999633789062,98.63653564453124,24.44989967346191,44.0338249206543,51.20442199707031
1725456600,220.3650054931641,545.781005859375,101.30987548828124,69.0809326171875,230.42999267578125,458.539306640625,107.32159423828124,23.355215072631836,69.61000061035156,98.4965591430664,24.53636360168457,44.09256362915039,50.97614669799805
1725543000,221.89163208007812,544.4535522460938,101.5278091430664,69.49446868896484,232.3500061035156,458.9673767089844,107.341064453125,23.528146743774418,69.88999938964844,98.05667114257812,24.670862197875977,44.278568267822266,50.72801208496094
1725629400,220.3350830078125,535.290283203125,101.39904022216795,67.04276275634766,230.6300048828125,446.67291259765625,107.3897705078125,23.26875114440918,68.93000030517578,96.49703979492188,24.27697372436523,43.61286926269531,49.78511428833008
1725888600,220.42486572265625,541.2835693359375,100.96316528320312,68.2636947631836,231.6000061035156,452.41693115234375,107.3897705078125,23.681861877441406,69.2699966430664,97.8667221069336,24.382648468017575,44.33730697631836,50.192047119140625
1725975000,219.6266326904297,543.6412353515625,100.85419464111328,68.07661437988281,232.6199951171875,456.5981140136719,107.42871856689452,23.528146743774418,66.95999908447266,98.07666778564452,24.03679656982422,44.12193298339844,49.84466552734375
1726061400,222.1710205078125,549.2184448242188,100.79476165771484,68.49015808105469,232.25,466.5132751464844,107.4189910888672,24.037330627441406,67.8499984741211,98.87647247314452,24.35382843017578,44.39604187011719,50.3806266784668
1726147800,222.28077697753903,553.8446044921875,101.2504425048828,69.16954803466797,236.3300018310547,471.0926513671875,107.43846893310548,23.970081329345703,69.88999938964844,99.03643798828124,24.61322021484375,45.071529388427734,50.737937927246094
1726234200,222.01138305664065,556.7372436523438,101.31978607177734,68.79539489746094,238.67999267578125,473.203125,107.49690246582033,24.200654983520508,69.83999633789062,101.18592071533205,24.872608184814453,45.00300216674805,50.97614669799805
1726493400,215.8449554443359,557.5595092773438,101.87452697753906,69.45508575439453,238.66000366210935,471.112548828125,107.5358657836914,24.344762802124023,70.87999725341797,101.2559051513672,25.05514144897461,45.55121994018555,51.26397705078125
1726579800,216.31390380859375,557.7872314453125,101.67640686035156,68.63784790039062,237.33999633789065,471.3614501953125,107.54560089111328,24.469655990600582,71.72000122070312,100.92598724365234,25.08396339416504,45.384796142578125,51.23419952392578
1726666200,220.20535278320312,556.1329956054688,101.60706329345705,68.32276916503906,235.5099945068359,469.3206481933594,107.58456420898438,24.632980346679688,70.66000366210938,100.78601837158205,25.01671600341797,45.33584976196289,51.10517120361328
1726752600,228.3673858642578,565.623046875,102.14199829101562,70.13447570800781,239.1699981689453,481.1870422363281,107.60404205322266,24.623371124267575,72.75,102.40563201904295,25.170427322387695,46.50081634521485,52.32598114013672
1726839000,227.6988525390625,564.6453247070312,102.14199829101562,70.1738510131836,242.2100067138672,480.2711791992187,107.6527328491211,24.46004867553711,72.91999816894531,101.5858383178711,24.545969009399418,46.20712661743164,51.65105819702149
1727098200,225.97265625,566.0562744140625,101.70612335205078,70.59724426269531,242.67999267578125,481.5442504882813,107.67221069335938,24.930805206298828,72.25,99.1810531616211,24.53636360168457,46.53018569946289,51.63614654541016
1727184600,226.8706817626953,567.6759643554688,102.3104019165039,69.98677825927734,246.07000732421875,483.8670043945313,107.68194580078124,25.11334228515625,73.29000091552734,98.70108795166016,25.151212692260746,47.08819580078125,52.401641845703125
1727271000,225.8728790283203,566.4239501953125,101.84480285644533,69.85877227783203,245.72999572753903,484.3156433105469,107.70143127441406,25.286272048950195,71.4800033569336,97.74118041992188,24.939857482910156,46.39313125610352,51.914512634277344
1727357400,227.02035522460935,568.6696166992188,102.30049896240234,71.86740112304688,246.97999572753903,487.954345703125,107.71117401123048,25.40155982971191,69.01000213623047,98.18113708496094,25.18003273010254,47.51893997192383,53.495208740234375
1727443800,227.2897491455078,567.8448486328125,102.18163299560548,69.98677825927734,245.02000427246097,485.24273681640625,107.7501449584961,25.507238388061523,70.2699966430664,98.42111206054688,25.093570709228516,47.72452163696289,53.495208740234375
1727703000,232.4883270263672,570.120361328125,101.90424346923828,70.43970489501953,243.05999755859375,486.55865478515625,107.7501449584961,25.065305709838867,69.91999816894531,98.79109191894533,24.891822814941406,47.81262969970703,52.92854309082031
1727789400,225.71324157714844,565.0130004882812,101.27215576171876,70.53816223144531,245.61000061035156,479.7796936035156,107.77360534667967,24.508085250854492,72.11000061035156,97.9611587524414,24.891822814941406,47.77347183227539,52.103397369384766
1727875800,226.281982421875,565.2514038085938,101.18286895751952,70.13447570800781,245.66000366210935,480.4576110839844,107.77360534667967,24.52730178833008,72.76000213623047,98.08114624023438,25.06474876403809,48.135684967041016,51.984100341796875
1727962200,225.1744079589844,564.218017578125,100.94471740722656,69.85877227783203,245.4900054931641,480.0987243652344,107.77360534667967,24.5465145111084,75.7300033569336,96.63127899169922,24.766931533813477,47.52872848510742,51.43732070922851
1728048600,226.30194091796875,569.3453369140625,100.50811004638672,70.77447509765625,245.0,485.81097412109375,107.81272888183594,24.392797470092773,76.3499984741211,97.5011978149414,25.026321411132812,47.558101654052734,51.815093994140625
1728307800,221.20315551757812,564.1981201171875,100.44857025146484,69.94739532470703,244.1699981689453,480.6071472167969,107.80294799804688,24.200654983520508,79.19999694824219,96.32130432128906,24.872608184814453,47.52872848510742,51.59638595581055
1728394200,225.27420043945312,569.5340576171875,100.51803588867188,70.16401672363281,242.3699951171875,487.7848510742187,107.83229064941406,24.344762802124023,75.79000091552734,97.09123229980467,24.651647567749023,46.804298400878906,51.6063232421875
1728480600,229.03591918945312,573.4789428710938,100.16081237792967,69.79969787597656,241.0500030517578,491.6228942871094,107.84207153320312,24.56572914123535,75.25,96.30130004882812,24.33461570739746,46.628082275390625,51.815093994140625
1728567000,228.5370178222656,572.475341796875,100.13105010986328,69.8095474243164,242.82000732421875,491.0646667480469,107.85183715820312,24.748268127441406,77.7699966430664,96.21131896972656,24.565183639526367,46.73577117919922,51.68585586547851
1728653400,227.05029296875,575.9034423828125,100.15088653564452,69.95724487304688,245.47000122070312,491.8322448730469,107.90074920654295,24.940410614013672,77.48999786376953,98.6710968017578,24.55557632446289,47.08819580078125,52.0139274597168
1728912600,230.79205322265625,580.6133422851562,99.90282440185548,70.07539367675781,245.07000732421875,495.95947265625,107.91051483154295,24.796302795410156,75.93000030517578,99.06106567382812,24.747716903686523,47.03924560546875,52.32210922241211
1728999000,233.33645629882812,576.1021728515625,99.72420501708984,68.63784790039062,245.9199981689453,489.330078125,107.92030334472656,24.9692325592041,72.76000213623047,99.30104064941406,24.382648468017575,46.4224967956543,50.96012496948242
1729085400,231.27099609375,578.606201171875,99.4860610961914,69.0513916015625,247.1499938964844,489.389892578125,107.93987274169922,24.719444274902344,72.4000015258789,100.24095153808594,24.382648468017575,46.677032470703125,50.69170379638672
1729171800,231.6401824951172,578.6558227539062,99.20822143554688,68.68708038330078,248.6300048828125,489.7288208007813,107.93987274169922,24.661802291870117,72.62000274658203,99.29104614257812,24.296188354492188,46.54976272583008,50.76129913330078
1729258200,234.48391723632812,580.8816528320312,99.54560089111328,69.0513916015625,251.27000427246097,492.9388427734375,107.98876190185548,24.402406692504883,71.37999725341797,99.82099151611328,24.27697372436523,46.92177200317383,51.447261810302734
1729517400,235.9606781005859,579.927734375,99.1089859008789,67.90923309326172,251.22000122070312,493.8859252929687,107.99853515625,24.363977432250977,72.26000213623047,98.14115142822266,24.20972442626953,46.29523468017578,50.79111862182617
1729603800,235.342041015625,579.6196899414062,98.9105453491211,67.01322174072266,253.92999267578125,494.4242248535156,107.99853515625,24.26790428161621,73.9800033569336,98.2611312866211,24.200117111206055,46.216915130615234,50.60223388671875
1729690200,230.25323486328125,574.323486328125,98.85099792480467,65.64460754394531,250.8699951171875,486.8477478027344,107.99853515625,24.210262298583984,73.55000305175781,96.6612777709961,24.219329833984375,45.76659393310547,50.28410720825195
1729776600,230.0636749267578,575.5656127929688,99.22805786132812,66.18614959716797,252.8000030517578,490.7955017089844,108.01810455322266,23.83557891845703,73.05999755859375,97.24121856689452,24.28658103942871,45.94280624389648,50.6817626953125
1729863000,230.9018096923828,575.3668823242188,98.95022583007812,66.2058334350586,253.32000732421875,493.7862243652344,108.05722045898438,23.86440086364746,74.2300033569336,97.1412353515625,24.200117111206055,45.73722457885742,50.48292922973633
1730122200,232.8874359130859,577.1455078125,99.12884521484376,66.65876007080078,253.3300018310547,493.865966796875,108.08656311035156,24.05654525756836,70.43000030517578,98.48110961914062,24.392255783081055,46.00154495239258,50.9998893737793
1730208600,233.15684509277344,578.07958984375,99.148681640625,67.3086166381836,256.0899963378906,498.6112365722656,108.08656311035156,24.335155487060547,69.66000366210938,98.55110168457033,24.03679656982422,45.64912033081055,50.80105972290039
1730295000,229.5946807861328,576.3306884765625,99.56544494628906,67.36769104003906,257.5,494.8429260253906,108.11589813232422,24.52730178833008,71.36000061035156,98.41111755371094,23.92151260375977,45.34563827514648,50.313926696777344
1730381400,225.4138946533203,565.0328369140625,99.734130859375,67.0230712890625,253.5099945068359,482.3517456054687,108.13545989990234,24.498477935791016,73.08000183105469,97.021240234375,23.633302688598633,45.04215621948242,49.956031799316406
1730467800,222.42047119140625,567.4176025390625,99.36640167236328,66.93446350097656,252.47000122070312,485.9206237792969,108.1816177368164,24.32554817199707,72.0199966430664,99.26103973388672,23.23941421508789,45.19879150390625,50.13498306274414
1730730600,221.52244567871097,566.1953735351562,99.74406433105467,66.99353790283203,252.8300018310547,484.5050354003906,108.20125579833984,24.344762802124023,74.29000091552734,99.21105194091795,23.623695373535156,45.31626892089844,50.045509338378906
1730817000,222.95928955078125,573.041748046875,100.22111511230467,68.0076904296875,253.3999938964844,490.6858215332031,108.20125579833984,24.344762802124023,74.7300033569336,100.61092376708984,23.767799377441406,45.991756439208984,50.50281524658203
1730903400,222.23089599609375,587.2907104492188,98.46199035644533,68.31291961669922,245.6999969482422,504.0144348144531,108.20125579833984,24.16222381591797,74.54000091552734,102.43075561523438,23.98876190185547,45.531639099121094,49.09112548828125
1730989800,226.98043823242188,591.831787109375,99.06824493408205,68.90370178222656,249.6499938964844,511.9497375488281,108.23072052001952,24.70022964477539,74.66000366210938,103.0007095336914,24.219329833984375,46.88261413574219,49.98585891723633
1731076200,226.7107391357422,594.3953857421875,98.2731475830078,68.3621597290039,247.9600067138672,512.5479736328125,108.28965759277344,24.469655990600582,73.12999725341797,104.17060089111328,23.75819206237793,46.070072174072266,49.07124328613281
1731335400,223.98373413085935,594.9617919921875,97.71658325195312,68.529541015625,242.13999938964844,512.2488403320312,108.2798309326172,24.383190155029297,70.94000244140625,103.5206527709961,23.71015739440918,46.030914306640625,48.89229202270508
1731421800,223.98373413085935,593.1135864257812,97.4283676147461,67.44645690917969,240.0500030517578,511.32171630859375,108.28965759277344,24.584943771362305,70.69000244140625,100.5009307861328,23.527624130249023,45.34563827514648,47.87826156616211
1731508200,224.8727569580078,593.4017333984375,96.89167785644533,66.69815063476562,237.6300048828125,510.6637878417969,108.30929565429688,24.661802291870117,70.7300033569336,100.00098419189452,23.364303588867188,45.33584976196289,47.62972259521485
1731594600,227.9693603515625,589.5860595703125,96.50407409667967,66.77691650390625,237.0099945068359,507.11480712890625,108.31912231445312,24.87316131591797,71.29000091552734,96.95125579833984,23.268234252929688,45.31626892089844,48.037322998046875
1731681000,224.7528839111328,582.0343017578125,96.58358001708984,66.45198822021484,236.58999633789065,495.0323486328125,108.3387680053711,24.97884178161621,69.75,91.82171630859376,23.14334297180176,45.32605743408203,47.89814376831055
1731940200,227.7695770263672,584.4190673828125,97.21965026855467,66.83599090576172,241.08999633789065,498.4716491699219,108.35840606689452,25.05569839477539,72.06999969482422,91.95169830322266,23.25862693786621,45.83512115478515,48.05720520019531
1732026600,228.02928161621097,586.555419921875,97.20970916748048,66.73753356933594,243.25,501.9010009765625,108.3780517578125,25.19019889831543,72.30999755859375,93.16159057617188,23.18177032470703,46.216915130615234,47.76890563964844
1732113000,228.7484893798828,586.7542114257812,96.73265838623048,66.24522399902344,244.6199951171875,501.6119079589844,108.39769744873048,25.324703216552734,72.0199966430664,94.00151824951172,23.08570098876953,46.021121978759766,47.540252685546875
1732199400,228.26902770996097,589.904052734375,96.16616821289062,66.43230438232422,246.66000366210935,503.4162902832031,108.39769744873048,25.27666473388672,73.19999694824219,94.29149627685548,22.931989669799805,46.27565383911133,47.44083786010742
1732285800,229.61753845214844,591.7323608398438,95.5897216796875,66.90491485595703,249.83999633789065,504.2238159179687,108.43697357177734,25.46881103515625,74.25,96.23131561279295,23.21059226989746,46.24628829956055,47.42095184326172
1732545000,232.61424255371097,593.7395629882812,96.33512115478516,67.36769104003906,242.47999572753903,505.0213012695313,108.45661163330078,25.488025665283203,72.0999984741211,97.62118530273438,23.249021530151367,46.23649597167969,47.669490814208984
1732631400,234.8018341064453,596.8397827148438,96.20591735839844,67.0230712890625,242.9499969482422,507.7328796386719,108.46643829345705,25.718599319458008,71.61000061035156,98.84107971191406,23.0568790435791,45.73722457885742,47.35136413574219
1732717800,234.67198181152344,595.0313110351562,96.99105834960938,66.83599090576172,243.4900054931641,503.73529052734375,108.48607635498048,25.833885192871097,71.72000122070312,99.99098205566406,22.63416862487793,46.27565383911133,47.570072174072266
1732890600,237.06935119628903,598.7276611328125,97.01094818115234,68.61815643310547,245.58999633789065,508.1615295410156,108.53518676757812,25.70899200439453,71.61000061035156,99.61101531982422,22.259496688842773,46.60850524902344,48.28586196899414
1733149800,239.3268585205078,599.8008422851562,96.4227294921875,69.45508575439453,243.44000244140625,513.6943359375,108.55096435546876,25.516845703125,71.04000091552734,99.30104064941406,22.105783462524418,46.4616584777832,48.42504119873047
1733236200,242.3834991455078,600.0791015625,96.50235748291016,70.44955444335938,243.92999267578125,515.2694702148438,108.58053588867188,25.40155982971191,73.04000091552734,97.68118286132812,22.182640075683594,46.5203971862793,48.753116607666016
1733322600,242.74310302734375,603.8052368164062,96.54216766357422,70.05570220947266,244.6699981689453,521.6397094726562,108.58053588867188,25.507238388061523,71.87999725341797,98.78108978271484,22.24028205871582,46.265865325927734,49.1010627746582
1733409000,242.7730712890625,602.8116455078125,97.17913818359376,69.92769622802734,242.86000061035156,520.1941528320312,108.610107421875,25.939565658569336,71.47000122070312,97.32122039794922,22.547706604003903,46.25607681274414,49.72737884521485
1733495400,242.5732879638672,603.954345703125,97.02985382080078,69.98677825927734,242.9499969482422,524.8496704101562,108.65941619873048,26.179746627807617,70.23999786376953,99.13105010986328,22.182640075683594,45.69806671142578,49.89638137817383
1733754600,246.47900390625,600.84423828125,96.90046691894533,69.37631225585938,245.36000061035156,520.7623901367188,108.67912292480467,26.28542709350586,71.16999816894531,98.23113250732422,22.470849990844727,46.53997802734375,49.87649917602539
1733841000,247.4978790283203,598.9761352539062,96.68150329589844,69.00215911865234,248.58999633789065,518.9879150390625,108.67912292480467,26.49678611755371,71.4000015258789,97.41120910644533,22.49006462097168,45.78617477416992,49.43907928466797
1733927400,246.2192840576172,603.6065673828125,96.40282440185548,69.97693634033203,250.9600067138672,528.279052734375,108.69884490966795,26.410320281982425,73.33000183105469,96.96125030517578,22.84552574157715,45.78617477416992,49.598140716552734
1734013800,247.68768310546875,600.4964599609375,96.11418914794922,69.28770446777344,247.27999877929688,524.8696899414062,108.70870208740234,26.381498336791992,73.20999908447266,94.19149780273438,22.422815322875977,45.22816467285156,49.28995513916016
1734100200,247.85748291015625,600.377197265625,96.41278076171876,68.47046661376953,244.2899932861328,528.88720703125,108.73827362060548,26.554428100585938,74.20999908447266,93.39157104492188,22.28831672668457,45.061737060546875,49.598140716552734
1734359400,250.7642822265625,602.9407958984375,96.54216766357422,68.11600494384766,244.8800048828125,536.5035400390625,108.76785278320312,26.669715881347656,73.69999694824219,94.75144958496094,21.856000900268555,45.00300216674805,49.33966445922851
1734445800,253.20159912109375,600.4566650390625,96.38292694091795,67.87999725341797,243.94000244140625,534.1408081054688,108.76785278320312,26.621679306030273,73.30000305175781,94.58145904541016,21.950000762939453,45.099998474121094,49.34960174560547
1734532200,247.7775726318359,582.5609741210938,95.21844482421876,66.18000030517578,239.2599945068359,514.8706665039062,108.78466796875,26.736967086791992,72.94000244140625,89.92188262939453,20.950000762939453,43.70000076293945,48.09697341918945
1734618600,249.51565551757812,582.382080078125,95.2582550048828,66.38999938964844,239.6000061035156,512.5778198242188,108.81436157226562,26.25660514831543,72.61000061035156,89.80188751220703,21.010000228881836,43.599998474121094,47.97767639160156
1734705000,254.21051025390625,589.3770751953125,95.8554229736328,66.20999908447266,242.1000061035156,517.0538940429688,108.84405517578124,26.516000747680664,73.0999984741211,91.27175903320312,21.280000686645508,43.59000015258789,47.99755859375
1734964200,254.9896545410156,592.9064331054688,95.6265106201172,66.48999786376953,240.9600067138672,522.0914306640625,108.85394287109376,26.38999938964844,73.05999755859375,91.88472747802734,21.040000915527344,44.150001525878906,48.27383804321289
1735050600,257.91644287109375,599.49658203125,95.47721862792967,66.44999694824219,241.44000244140625,529.1708984375,108.88363647460938,26.530000686645508,73.6500015258789,91.97472381591795,21.170000076293945,44.439998626708984,48.44339370727539
1735223400,258.7355041503906,599.5364990234375,95.78575134277344,67.22000122070312,243.07000732421875,528.8114013671875,108.90343475341795,26.25,73.12999725341797,92.64468383789062,21.1299991607666,44.47999954223633,48.6528434753418
1735309800,255.30929565429688,593.2254638671875,95.83551788330078,67.7300033569336,241.3999938964844,521.7818603515625,108.93312072753906,25.850000381469727,73.8499984741211,91.34475708007812,21.0,44.130001068115234,48.453369140625
1735569000,251.9230194091797,586.455810546875,95.5866928100586,67.16000366210938,240.6300048828125,514.8422241210938,108.96280670166016,26.270000457763672,74.81999969482422,89.88484191894531,20.959999084472656,43.90999984741211,48.05440902709961
1735655400,250.1449737548828,584.322265625,95.20849609375,67.0999984741211,242.1300048828125,510.4687805175781,108.97270965576172,26.59000015258789,75.55000305175781,90.05482482910156,20.90999984741211,43.810001373291016,48.02449035644531
1735828200,243.5821990966797,582.8865966796875,94.3543472290039,67.01000213623047,245.4199981689453,509.4702453613281,108.99250793457033,26.6200008392334,76.93000030517578,91.52474212646484,21.1200008392334,43.790000915527344,47.5357666015625
1735914600,243.0927276611328,590.1746215820312,94.7629852294922,67.27999877929688,243.4900054931641,517.8078002929688,109.0221939086914,26.489999771118164,77.91999816894531,92.40470123291016,20.8700008392334,44.209999084472656,47.815032958984375
1736173800,244.73092651367188,593.5744018554688,95.55034637451172,67.43000030517578,243.19000244140625,523.7589111328125,109.0419921875,26.43000030517578,77.30000305175781,92.20470428466795,21.239999771118164,44.34000015258789,49.04182815551758
1736260200,241.94400024414065,586.8646240234375,95.14171600341795,67.2699966430664,244.55999755859375,514.412841796875,109.06177520751952,26.5,78.16999816894531,92.86466979980467,21.479999542236328,44.18000030517578,49.191436767578125
1736346600,242.43344116210935,587.7219848632812,94.90251159667967,67.0999984741211,245.86000061035156,514.5027465820312,109.06177520751952,26.36000061035156,77.30000305175781,92.30470275878906,21.31999969482422,44.29999923706055,48.97201156616211
1736519400,236.58987426757812,578.7489624023438,94.22477722167967,65.23999786376953,248.2100067138672,506.4347839355469,109.09146881103516,26.450000762939453,80.63999938964844,89.43486785888672,21.13999938964844,43.2400016784668,48.563079833984375
1736778600,234.14256286621097,579.6463012695312,94.0055160522461,65.41999816894531,245.7400054931641,504.80718994140625,109.11125946044922,26.75,82.2300033569336,89.1248779296875,21.229999542236328,43.349998474121094,48.37357711791992
1736865000,233.02378845214844,580.4439086914062,94.79288482666016,65.29000091552734,247.02999877929688,504.3279113769531,109.12116241455078,26.65999984741211,81.66999816894531,86.655029296875,21.3700008392334,43.52000045776367,48.832374572753906
1736951400,237.60874938964844,591.002197265625,94.71314239501952,66.2699966430664,248.8800048828125,515.9306030273438,109.14094543457033,26.729999542236328,84.33999633789062,88.544921875,21.8799991607666,44.099998474121094,49.33107376098633
1737037800,228.00930786132812,589.8656005859375,94.7430419921875,65.8499984741211,250.6000061035156,512.3160400390625,109.15084838867188,26.34000015258789,82.94000244140625,87.88495635986328,21.6299991607666,44.119998931884766,50.08909225463867
1737124200,229.7274169921875,595.7877807617188,94.56364440917967,66.18000030517578,249.27000427246097,520.9630737304688,109.20032501220705,26.600000381469727,82.5199966430664,87.96495056152344,21.63999938964844,44.209999084472656,50.298545837402344
1737469800,222.39547729492188,601.2413330078125,95.89918518066406,67.33000183105469,253.1300048828125,524.0185546875,109.22013092041016,26.920000076293945,81.11000061035156,90.50480651855467,21.959999084472656,44.970001220703125,51.42560195922851
1737556200,223.58416748046875,604.6211547851562,95.80947875976562,67.25,254.42999267578125,530.7185668945312,109.22013092041016,27.219999313354492,80.43000030517578,91.20476531982422,22.209999084472656,44.7599983215332,51.535308837890625
1737642600,223.41436767578125,607.9212646484375,95.87924194335938,67.81999969482422,254.07000732421875,531.8468627929688,109.23991394042967,27.260000228881836,79.20999908447266,92.97466278076172,22.36000061035156,44.900001525878906,51.934268951416016
1737729000,222.5353240966797,606.1465454101562,96.60681915283205,68.4800033569336,255.6499938964844,528.8413696289062,109.27950286865234,27.36000061035156,79.5999984741211,92.4546890258789,22.459999084472656,45.09000015258789,52.0240364074707
1737988200,229.6075439453125,597.5723876953125,96.55697631835938,67.73999786376953,252.9900054931641,513.4443359375,109.29930114746094,27.31999969482422,77.93000030517578,92.60468292236328,22.549999237060547,45.02000045776367,52.10382843017578
1738074600,237.99832153320312,602.7069702148438,96.03871154785156,68.30999755859375,255.17999267578125,521.0330200195312,109.30919647216795,27.559999465942383,78.86000061035156,93.17465209960938,22.61000061035156,44.9900016784668,51.78466033935547
1738161000,239.0971221923828,600.0050659179688,95.85931396484376,68.0999984741211,254.1999969482422,520.0545043945312,109.319091796875,27.920000076293945,77.77999877929688,92.5746841430664,22.600000381469727,44.880001068115234,51.90435028076172
1738247400,237.3290557861328,603.225341796875,95.82941436767578,69.12000274658203,258.04998779296875,522.2711181640625,109.32898712158205,27.719999313354492,77.75,93.53462982177734,23.1299991607666,45.31999969482422,52.45291519165039
1738333800,235.7408142089844,600.0150146484375,95.51049041748048,68.30999755859375,258.55999755859375,521.5122680664062,109.36857604980467,27.600000381469727,78.0199966430664,92.66468048095705,22.959999084472656,44.84000015258789,51.98413848876953
1738593000,227.75958251953125,595.9771728515625,94.81591033935548,67.66000366210938,259.94000244140625,517.3385009765625,109.3814926147461,27.63999938964844,77.81999969482422,91.4147491455078,23.09000015258789,44.52000045776367,51.026641845703125
1738679400,232.54432678222656,599.9751586914062,95.64420318603516,68.2699966430664,262.5,523.6890258789062,109.39142608642578,27.729999542236328,77.51000213623047,92.56468963623048,23.260000228881836,45.11000061035156,52.12377166748047
1738765800,232.21469116210935,602.4077758789062,95.80387878417967,69.12000274658203,264.1300048828125,526.0654907226562,109.40135192871094,27.8700008392334,76.08999633789062,94.69456481933594,23.1200008392334,45.11000061035156,52.43296432495117
1738852200,232.9638671875,604.5015258789062,95.6841278076172,69.4000015258789,263.42999267578125,528.8114013671875,109.42122650146484,27.68000030517578,75.44999694824219,93.3646469116211,23.61000061035156,45.459999084472656,52.87181854248047
1738938600,227.3800048828125,598.9682006835938,95.12527465820312,68.4800033569336,263.8999938964844,522.141357421875,109.45101928710938,27.56999969482422,75.86000061035156,91.2347640991211,23.36000061035156,45.16999816894531,52.31327819824219
1739197800,227.6499938964844,603.035888671875,94.94563293457033,68.75,268.3699951171875,528.4619140625,109.46095275878906,27.88999938964844,77.4000015258789,90.33480834960938,23.56999969482422,45.52000045776367,52.77207946777344
1739284200,232.6199951171875,603.4945678710938,95.46458435058594,68.73999786376953,267.3900146484375,527.2037963867188,109.46095275878906,27.88999938964844,78.2699966430664,89.04489135742188,23.709999084472656,45.4900016784668,53.32064437866211
1739370600,236.8699951171875,601.5504150390625,95.73402404785156,68.0199966430664,267.6700134277344,527.5133056640625,109.46095275878906,27.969999313354492,76.31999969482422,89.96483612060547,23.479999542236328,45.97999954223633,53.99887466430664
1739457000,241.52999877929688,607.9013061523438,96.38269805908205,69.26000213623047,270.30999755859375,535.10205078125,109.49075317382812,28.190000534057617,76.38999938964844,90.76478576660156,23.579999923706055,46.560001373291016,54.51751708984375
1739543400,244.6000061035156,607.8713989257812,96.67210388183594,69.37000274658203,266.2900085449219,537.3486938476562,109.54041290283205,28.170000076293945,75.81999969482422,91.40475463867188,24.1200008392334,46.439998626708984,54.88655090332031
1739889000,244.47000122070312,609.656005859375,96.28290557861328,70.0999984741211,270.70001220703125,538.5668334960938,109.54041290283205,28.3799991607666,76.95999908447266,91.32476043701172,24.25,46.43000030517578,55.18577194213867
1739975400,244.8699951171875,611.0916748046875,96.07332611083984,69.62000274658203,270.8500061035156,538.7166748046875,109.5702133178711,28.219999313354492,77.44999694824219,92.52468872070312,23.969999313354492,46.029998779296875,54.288116455078125
1740061800,245.8300018310547,608.5493774414062,96.76192474365234,69.70999908447266,270.989990234375,536.4299926757812,109.58014678955078,27.920000076293945,77.76000213623047,92.71467590332033,24.170000076293945,46.040000915527344,54.65715408325195
1740148200,245.5500030517578,598.1406860351562,96.38269805908205,69.08999633789062,270.739990234375,525.296630859375,109.61988067626952,27.549999237060547,75.3499984741211,91.69473266601562,23.469999313354492,45.5,54.308067321777344
1740407400,247.1000061035156,595.4188842773438,96.46253204345705,68.77999877929688,272.2099914550781,519.0958862304688,109.6397476196289,27.030000686645508,75.97000122070312,90.10482788085938,23.229999542236328,45.439998626708984,54.16843032836914
1740493800,247.0399932861328,592.457763671875,96.93157196044922,69.47000122070312,268.6199951171875,512.5556640625,109.65961456298828,27.059999465942383,74.12999725341797,88.6849136352539,23.280000686645508,45.439998626708984,54.72697067260742
1740580200,240.36000061035156,592.7568359375,96.66212463378906,69.51000213623047,269.0299987792969,513.7938232421875,109.65961456298828,27.1200008392334,73.8499984741211,88.24493408203125,23.200000762939453,45.5,54.88655090332031
1740666600,237.3000030517578,583.2952880859375,95.90367126464844,69.0,264.92999267578125,499.5250549316406,109.66954803466795,26.809999465942383,75.27999877929688,87.09500122070312,22.8700008392334,45.0,53.70962905883789
1740753000,241.83999633789065,592.39794921875,95.64420318603516,68.47000122070312,263.2699890136719,507.413330078125,109.7092742919922,26.489999771118164,75.22000122070312,88.70491027832031,22.399999618530273,44.75,53.91908264160156
